bytes,modo,sleep_s,connect_us,write_us,read_us,rtt_us,rtt_half_us
100,0,0,26043,200,106,700,5669,300,5776,000,2888,000
100,1,10,15799,900,39,600,1532,000,1571,600,785,800
100,2,10,21727,900,59,100,1629,100,1688,200,844,100
100,3,10,27046,300,185,700,1046,400,1232,100,616,050
10000,0,0,23171,700,260,100,2159,700,2419,800,1209,900
10000,1,10,46817,700,163,200,6805,000,6968,200,3484,100
10000,2,10,23051,300,341,400,6506,100,6847,500,3423,750
10000,3,10,23025,000,233,100,593,500,826,600,413,300
1000000,0,0,22263,300,44708,600,16819,500,61528,100,30764,050
1000000,1,10,41591,300,39459,600,38672,600,78132,200,39066,100
1000000,2,10,23045,200,43146,400,36123,000,79269,400,39634,700
