10,1,10,3039.898
100,1,100,4797.621
1000,1,255,3186.908
1000,2,255,73.568
1000,3,255,70.273
1000,4,235,340.460
10000,1,255,7107.925
10000,2,255,73.708
10000,3,255,71.870
10000,4,255,63.558
10000,5,255,63.719
10000,6,255,65.940
10000,7,255,50.796
10000,8,255,64.427
10000,9,255,46.746
10000,10,255,67.919
10000,11,255,64.764
10000,12,255,47.016
10000,13,255,372.647
10000,14,255,56.524
10000,15,255,47.999
10000,16,255,58.704
10000,17,255,60.142
10000,18,255,57.814
10000,19,255,61.966
10000,20,255,66.516
10000,21,255,122.543
10000,22,255,68.405
10000,23,255,51.058
10000,24,255,51.309
10000,25,255,47.294
10000,26,255,39.256
10000,27,255,70.847
10000,28,255,71.084
10000,29,255,725.636
10000,30,255,48.620
10000,31,255,45.924
10000,32,255,436.349
10000,33,255,59.703
10000,34,255,54.534
10000,35,255,42.984
10000,36,255,39.089
10000,37,255,46.206
10000,38,255,79.649
10000,39,255,118.503
10000,40,55,56.492
100000,1,255,2509.034
100000,2,255,479.014
100000,3,255,56.671
100000,4,255,61.726
100000,5,255,62.842
100000,6,255,58.600
100000,7,255,48.021
100000,8,255,51.320
100000,9,255,43.279
100000,10,255,430.426
100000,11,255,65.525
100000,12,255,238.508
100000,13,255,189.839
100000,14,255,53.088
100000,15,255,37.062
100000,16,255,61.310
100000,17,255,46.624
100000,18,255,49.373
100000,19,255,61.097
100000,20,255,60.573
100000,21,255,45.950
100000,22,255,42.018
100000,23,255,39.146
100000,24,255,37.858
100000,25,255,88.667
100000,26,255,62.493
100000,27,255,113.802
100000,28,255,55.235
100000,29,255,568.305
100000,30,255,379.504
100000,31,255,55.331
100000,32,255,138.173
100000,33,255,59.832
100000,34,255,45.806
100000,35,255,60.537
100000,36,255,164.478
100000,37,255,56.818
100000,38,255,37.003
100000,39,255,34.238
100000,40,255,33.395
100000,41,255,38.196
100000,42,255,106.306
100000,43,255,42.211
100000,44,255,41.729
100000,45,255,51.838
100000,46,255,56.943
100000,47,255,368.086
100000,48,255,515.366
100000,49,255,362.209
100000,50,255,52.714
100000,51,255,39.176
100000,52,255,326.159
100000,53,255,51.399
100000,54,255,46.031
100000,55,255,51.664
100000,56,255,36.997
100000,57,255,28.284
100000,58,255,31.124
100000,59,255,44.008
100000,60,255,31.822
100000,61,255,429.998
100000,62,255,38.532
100000,63,255,38.494
100000,64,255,27.486
100000,65,255,41.268
100000,66,255,42.595
100000,67,255,32.815
100000,68,255,21.505
100000,69,255,31.499
100000,70,255,32.405
100000,71,255,24.164
100000,72,255,61.582
100000,73,255,85.110
100000,74,255,34.102
100000,75,255,69.672
100000,76,255,25.200
100000,77,255,82.973
100000,78,255,94.613
100000,79,255,40.047
100000,80,255,99.023
100000,81,255,227.569
100000,82,255,307.266
100000,83,255,164.434
100000,84,255,79.176
100000,85,255,22.497
100000,86,255,21.580
100000,87,255,20.946
100000,88,255,20.835
100000,89,255,20.865
100000,90,255,14.853
100000,91,255,56.405
100000,92,255,13.967
100000,93,255,21.851
100000,94,255,15.150
100000,95,255,21.933
100000,96,255,34.721
100000,97,255,17.590
100000,98,255,13.947
100000,99,255,23.852
100000,100,255,13.823
100000,101,255,15.389
100000,102,255,13.787
100000,103,255,14.621
100000,104,255,13.928
100000,105,255,16.235
100000,106,255,12.995
100000,107,255,13.656
100000,108,255,21.852
100000,109,255,17.916
100000,110,255,13.613
100000,111,255,214.702
100000,112,255,20.495
100000,113,255,13.375
100000,114,255,15.376
100000,115,255,24.640
100000,116,255,15.866
100000,117,255,22.834
100000,118,255,16.816
100000,119,255,21.474
100000,120,255,16.471
100000,121,255,15.767
100000,122,255,21.112
100000,123,255,16.831
100000,124,255,21.407
100000,125,255,16.631
100000,126,255,24.721
100000,127,255,24.122
100000,128,255,14.541
100000,129,255,21.805
100000,130,255,14.209
100000,131,255,15.495
100000,132,255,13.438
100000,133,255,15.846
100000,134,255,14.897
100000,135,255,14.994
100000,136,255,11.993
100000,137,255,13.978
100000,138,255,15.185
100000,139,255,28.992
100000,140,255,20.255
100000,141,255,16.689
100000,142,255,21.156
100000,143,255,13.014
100000,144,255,15.513
100000,145,255,21.867
100000,146,255,16.048
100000,147,255,16.485
100000,148,255,22.601
100000,149,255,16.436
100000,150,255,12.484
100000,151,255,15.466
100000,152,255,22.237
100000,153,255,21.339
100000,154,255,14.114
100000,155,255,25.347
100000,156,255,39.184
100000,157,255,15.010
100000,158,255,13.498
100000,159,255,19.712
100000,160,255,23.083
100000,161,255,15.609
100000,162,255,13.200
100000,163,255,19.934
100000,164,255,15.024
100000,165,255,9.391
100000,166,255,9.262
100000,167,255,9.552
100000,168,255,20.320
100000,169,255,59.188
100000,170,255,51.846
100000,171,255,31.950
100000,172,255,54.858
100000,173,255,25.833
100000,174,255,28.897
100000,175,255,22.749
100000,176,255,21.570
100000,177,255,21.495
100000,178,255,14.611
100000,179,255,12.463
100000,180,255,11.601
100000,181,255,12.651
100000,182,255,12.489
100000,183,255,12.527
100000,184,255,21.651
100000,185,255,13.623
100000,186,255,12.515
100000,187,255,12.317
100000,188,255,220.206
100000,189,255,17.157
100000,190,255,19.319
100000,191,255,15.204
100000,192,255,115.775
100000,193,255,18.469
100000,194,255,14.059
100000,195,255,16.009
100000,196,255,13.137
100000,197,255,15.452
100000,198,255,12.801
100000,199,255,13.263
100000,200,255,13.451
100000,201,255,13.236
100000,202,255,11.982
100000,203,255,26.996
100000,204,255,21.745
100000,205,255,75.535
100000,206,255,14.431
100000,207,255,15.398
100000,208,255,12.474
100000,209,255,12.649
100000,210,255,14.155
100000,211,255,13.609
100000,212,255,15.564
100000,213,255,12.209
100000,214,255,11.756
100000,215,255,454.034
100000,216,255,266.003
100000,217,255,15.825
100000,218,255,9.238
100000,219,255,8.439
100000,220,255,8.185
100000,221,255,21.241
100000,222,255,14.629
100000,223,255,15.595
100000,224,255,14.917
100000,225,255,17.603
100000,226,255,14.126
100000,227,255,14.109
100000,228,255,13.732
100000,229,255,14.117
100000,230,255,27.784
100000,231,255,14.406
100000,232,255,8.809
100000,233,255,15.811
100000,234,255,10.863
100000,235,255,10.539
100000,236,255,16.478
100000,237,255,75.533
100000,238,255,25.789
100000,239,255,45.838
100000,240,255,14.770
100000,241,255,25.255
100000,242,255,13.718
100000,243,255,12.508
100000,244,255,12.284
100000,245,255,12.860
100000,246,255,11.492
100000,247,255,25.092
100000,248,255,14.474
100000,249,255,23.674
100000,250,255,14.011
100000,251,255,14.747
100000,252,255,14.390
100000,253,255,14.082
100000,254,255,13.559
100000,255,255,17.540
100000,256,255,13.962
100000,257,255,13.482
100000,258,255,18.583
100000,259,255,15.135
100000,260,255,16.195
100000,261,255,13.223
100000,262,255,35.353
100000,263,255,25.477
100000,264,255,16.764
100000,265,255,12.887
100000,266,255,16.743
100000,267,255,16.366
100000,268,255,13.690
100000,269,255,839.116
100000,270,255,347.827
100000,271,255,13.537
100000,272,255,9.050
100000,273,255,8.962
100000,274,255,8.174
100000,275,255,19.787
100000,276,255,14.775
100000,277,255,18.532
100000,278,255,18.711
100000,279,255,17.381
100000,280,255,19.305
100000,281,255,19.648
100000,282,255,12.763
100000,283,255,17.815
100000,284,255,15.013
100000,285,255,337.565
100000,286,255,13.970
100000,287,255,11.726
100000,288,255,11.209
100000,289,255,10.119
100000,290,255,9.588
100000,291,255,16.101
100000,292,255,18.279
100000,293,255,12.928
100000,294,255,11.662
100000,295,255,12.345
100000,296,255,10.990
100000,297,255,11.065
100000,298,255,11.525
100000,299,255,10.960
100000,300,255,10.928
100000,301,255,11.317
100000,302,255,20.852
100000,303,255,9.095
100000,304,255,10.168
100000,305,255,8.226
100000,306,255,8.204
100000,307,255,7.914
100000,308,255,17.205
100000,309,255,8.447
100000,310,255,8.799
100000,311,255,7.309
100000,312,255,7.339
100000,313,255,7.169
100000,314,255,8.191
100000,315,255,17.718
100000,316,255,9.315
100000,317,255,7.626
100000,318,255,7.318
100000,319,255,203.321
100000,320,255,12.148
100000,321,255,11.396
100000,322,255,9.953
100000,323,255,66.856
100000,324,255,12.210
100000,325,255,17.996
100000,326,255,11.123
100000,327,255,13.813
100000,328,255,13.928
100000,329,255,9.698
100000,330,255,9.304
100000,331,255,17.146
100000,332,255,101.747
100000,333,255,457.101
100000,334,255,17.229
100000,335,255,12.698
100000,336,255,10.300
100000,337,255,10.597
100000,338,255,12.478
100000,339,255,107.579
100000,340,255,11.196
100000,341,255,10.849
100000,342,255,10.480
100000,343,255,29.311
100000,344,255,11.733
100000,345,255,10.565
100000,346,255,10.220
100000,347,255,9.922
100000,348,255,9.868
100000,349,255,9.505
100000,350,255,10.267
100000,351,255,10.391
100000,352,255,10.122
100000,353,255,9.636
100000,354,255,15.714
100000,355,255,88.967
100000,356,255,17.281
100000,357,255,10.249
100000,358,255,12.286
100000,359,255,9.517
100000,360,255,10.119
100000,361,255,11.895
100000,362,255,209.663
100000,363,255,11.083
100000,364,255,10.121
100000,365,255,9.936
100000,366,255,20.019
100000,367,255,79.617
100000,368,255,10.310
100000,369,255,9.139
100000,370,255,9.184
100000,371,255,9.168
100000,372,255,8.785
100000,373,255,9.237
100000,374,255,10.896
100000,375,255,8.157
100000,376,255,8.593
100000,377,255,8.129
100000,378,255,8.987
100000,379,255,118.068
100000,380,255,8.342
100000,381,255,6.251
100000,382,255,6.100
100000,383,255,6.045
100000,384,255,6.663
100000,385,255,6.014
100000,386,255,5.981
100000,387,255,5.966
100000,388,255,6.198
100000,389,255,5.992
100000,390,255,6.333
100000,391,255,5.855
100000,392,255,7.343
100000,393,40,7.835
1000000,1,255,4036.018
1000000,2,255,30.934
1000000,3,255,17.005
1000000,4,255,10.694
1000000,5,255,17.209
1000000,6,255,30.667
1000000,7,255,11.830
1000000,8,255,28.684
1000000,9,255,16.013
1000000,10,255,14.843
1000000,11,255,14.250
1000000,12,255,14.468
1000000,13,255,13.646
1000000,14,255,13.823
1000000,15,255,13.548
1000000,16,255,13.647
1000000,17,255,13.661
1000000,18,255,14.007
1000000,19,255,13.761
1000000,20,255,13.650
1000000,21,255,13.920
1000000,22,255,13.683
1000000,23,255,13.921
1000000,24,255,13.605
1000000,25,255,36.134
1000000,26,255,15.846
1000000,27,255,19.728
1000000,28,255,14.465
1000000,29,255,15.052
1000000,30,255,13.909
1000000,31,255,13.993
1000000,32,255,13.212
1000000,33,255,13.523
1000000,34,255,13.395
1000000,35,255,13.538
1000000,36,255,13.387
1000000,37,255,13.377
1000000,38,255,13.170
1000000,39,255,16.931
1000000,40,255,18.383
1000000,41,255,13.631
1000000,42,255,13.347
1000000,43,255,12.868
1000000,44,255,13.130
1000000,45,255,12.993
1000000,46,255,13.393
1000000,47,255,13.416
1000000,48,255,17.351
1000000,49,255,6.555
1000000,50,255,5.412
1000000,51,255,5.364
1000000,52,255,5.306
1000000,53,255,5.127
1000000,54,255,5.047
1000000,55,255,12.814
1000000,56,255,8.404
1000000,57,255,8.134
1000000,58,65,22.509
1000000,59,255,2846.807
1000000,60,255,37.127
1000000,61,255,22.414
1000000,62,255,39.674
1000000,63,255,2839.462
1000000,64,255,379.755
1000000,65,255,40.160
1000000,66,255,27.791
1000000,67,255,3799.220
1000000,68,255,34.525
1000000,69,255,64.217
1000000,70,255,21.711
1000000,71,255,20.834
1000000,72,255,207.575
1000000,73,255,200.237
1000000,74,255,1779.304
1000000,75,255,46.415
1000000,76,255,23.558
1000000,77,255,366.503
1000000,78,255,28.810
1000000,79,255,19.404
1000000,80,255,18.225
1000000,81,255,18.105
1000000,82,255,16.919
1000000,83,255,16.694
1000000,84,255,16.839
1000000,85,255,1645.823
1000000,86,255,40.914
1000000,87,255,22.411
1000000,88,255,2043.233
1000000,89,255,25.069
1000000,90,255,18.931
1000000,91,255,16.632
1000000,92,255,17.091
1000000,93,255,17.382
1000000,94,255,16.397
1000000,95,255,63.821
1000000,96,255,17.970
1000000,97,255,20.329
1000000,98,255,30.582
1000000,99,255,19.430
1000000,100,255,16.677
1000000,101,255,15.590
1000000,102,255,15.421
1000000,103,255,17.069
1000000,104,255,17.311
1000000,105,255,20.814
1000000,106,255,285.200
1000000,107,255,24.312
1000000,108,255,570.523
1000000,109,255,17.180
1000000,110,255,14.738
1000000,111,255,12.730
1000000,112,255,15.029
1000000,113,255,639.629
1000000,114,255,538.264
1000000,115,255,17.605
1000000,116,255,6.966
1000000,117,255,42.855
1000000,118,255,1928.715
1000000,119,255,18.475
1000000,120,255,5.908
1000000,121,255,5.712
1000000,122,255,5.198
1000000,123,255,5.045
1000000,124,255,4.717
1000000,125,255,4.925
1000000,126,255,4.710
1000000,127,255,5.261
1000000,128,255,4.994
1000000,129,255,20.675
1000000,130,255,9.913
1000000,131,255,13.055
1000000,132,255,7.959
1000000,133,255,12.391
1000000,134,255,9.749
1000000,135,255,8.690
1000000,136,255,7.544
1000000,137,255,8.813
1000000,138,255,8.799
1000000,139,255,10.307
1000000,140,255,29.829
1000000,141,255,123.516
1000000,142,255,15.895
1000000,143,255,11.980
1000000,144,255,17.292
1000000,145,255,12.988
1000000,146,255,12.073
1000000,147,255,10.986
1000000,148,255,11.344
1000000,149,255,10.413
1000000,150,255,2132.988
1000000,151,255,22.078
1000000,152,255,12.196
1000000,153,255,10.838
1000000,154,255,10.582
1000000,155,255,11.093
1000000,156,255,11.872
1000000,157,255,10.434
1000000,158,255,10.327
1000000,159,255,10.334
1000000,160,255,11.165
1000000,161,255,11.592
1000000,162,255,26.487
1000000,163,255,17.680
1000000,164,255,12.355
1000000,165,255,10.285
1000000,166,255,11.185
1000000,167,255,11.230
1000000,168,255,11.198
1000000,169,255,10.639
1000000,170,255,10.958
1000000,171,255,13.062
1000000,172,255,11.355
1000000,173,255,10.012
1000000,174,255,9.618
1000000,175,255,10.371
1000000,176,255,10.173
1000000,177,255,9.651
1000000,178,255,9.631
1000000,179,255,12.479
1000000,180,255,11.210
1000000,181,255,10.025
1000000,182,255,10.307
1000000,183,255,10.025
1000000,184,255,30.047
1000000,185,255,13.343
1000000,186,255,10.430
1000000,187,255,9.294
1000000,188,255,10.468
1000000,189,255,12.572
1000000,190,255,2235.684
1000000,191,255,26.952
1000000,192,255,31.136
1000000,193,255,23.892
1000000,194,255,12.393
1000000,195,255,24.724
1000000,196,255,12.131
1000000,197,255,32.057
1000000,198,255,11.295
1000000,199,255,13.006
1000000,200,255,9.982
1000000,201,255,17.584
1000000,202,255,11.654
1000000,203,255,11.048
1000000,204,255,9.606
1000000,205,255,9.445
1000000,206,255,9.405
1000000,207,255,26.241
1000000,208,255,12.854
1000000,209,255,10.580
1000000,210,255,9.670
1000000,211,255,9.244
1000000,212,255,9.903
1000000,213,255,19.696
1000000,214,255,10.389
1000000,215,255,10.742
1000000,216,255,35.752
1000000,217,255,599.316
1000000,218,255,27.685
1000000,219,255,22.111
1000000,220,255,10.061
1000000,221,255,10.140
1000000,222,255,9.949
1000000,223,255,9.453
1000000,224,255,9.851
1000000,225,255,10.494
1000000,226,255,9.970
1000000,227,255,9.723
1000000,228,255,8.581
1000000,229,255,33.511
1000000,230,255,14.325
1000000,231,255,10.604
1000000,232,255,9.043
1000000,233,255,8.855
1000000,234,255,9.224
1000000,235,255,9.411
1000000,236,255,9.313
1000000,237,255,8.697
1000000,238,255,8.369
1000000,239,255,8.893
1000000,240,255,9.542
1000000,241,255,8.220
1000000,242,255,10.528
1000000,243,255,9.400
1000000,244,255,9.523
1000000,245,255,9.857
1000000,246,255,10.081
1000000,247,255,27.569
1000000,248,255,10.835
1000000,249,255,9.218
1000000,250,255,9.958
1000000,251,255,8.765
1000000,252,255,25.465
1000000,253,255,15.123
1000000,254,255,685.846
1000000,255,255,18.697
1000000,256,255,12.394
1000000,257,255,10.966
1000000,258,255,9.443
1000000,259,255,9.961
1000000,260,255,9.869
1000000,261,255,9.000
1000000,262,255,199.008
1000000,263,255,25.604
1000000,264,255,10.290
1000000,265,255,535.453
1000000,266,255,23.843
1000000,267,255,8.899
1000000,268,255,65.458
1000000,269,255,13.233
1000000,270,255,9.475
1000000,271,255,8.125
1000000,272,255,9.322
1000000,273,255,7.801
1000000,274,255,7.698
1000000,275,255,23.810
1000000,276,255,10.907
1000000,277,255,9.010
1000000,278,255,7.648
1000000,279,255,8.492
1000000,280,255,7.887
1000000,281,255,19.328
1000000,282,255,23.313
1000000,283,255,18.294
1000000,284,255,8.313
1000000,285,255,7.750
1000000,286,255,8.197
1000000,287,255,7.624
1000000,288,255,21.492
1000000,289,255,7.836
1000000,290,255,8.902
1000000,291,255,6.754
1000000,292,255,6.955
1000000,293,255,8.570
1000000,294,255,6.708
1000000,295,255,6.399
1000000,296,255,12.108
1000000,297,255,7.625
1000000,298,255,20.201
1000000,299,255,9.757
1000000,300,255,8.235
1000000,301,255,7.322
1000000,302,255,7.651
1000000,303,255,8.511
1000000,304,255,7.628
1000000,305,255,18.867
1000000,306,255,8.322
1000000,307,255,7.877
1000000,308,255,7.312
1000000,309,255,7.462
1000000,310,255,7.835
1000000,311,255,7.325
1000000,312,255,7.026
1000000,313,255,8.268
1000000,314,255,7.526
1000000,315,255,7.277
1000000,316,255,7.567
1000000,317,255,10.734
1000000,318,255,8.613
1000000,319,255,8.856
1000000,320,255,7.642
1000000,321,255,20.680
1000000,322,255,9.836
1000000,323,255,16.694
1000000,324,255,7.824
1000000,325,255,5.716
1000000,326,255,4.611
1000000,327,255,15.307
1000000,328,255,5.818
1000000,329,255,62.551
1000000,330,255,15.887
1000000,331,255,8.650
1000000,332,255,6.620
1000000,333,255,6.077
1000000,334,255,15.407
1000000,335,255,7.761
1000000,336,255,6.209
1000000,337,255,5.713
1000000,338,255,6.126
1000000,339,255,6.586
1000000,340,255,16.431
1000000,341,255,7.505
1000000,342,255,6.204
1000000,343,255,6.001
1000000,344,255,24.075
1000000,345,255,20.401
1000000,346,255,7.571
1000000,347,255,5.519
1000000,348,255,5.579
1000000,349,255,5.427
1000000,350,255,5.208
1000000,351,255,5.598
1000000,352,255,5.106
1000000,353,255,5.042
1000000,354,255,4.905
1000000,355,255,4.965
1000000,356,255,5.724
1000000,357,255,4.981
1000000,358,255,4.878
1000000,359,255,5.035
1000000,360,255,4.836
1000000,361,255,4.604
1000000,362,255,5.555
1000000,363,255,3.950
1000000,364,255,2.417
1000000,365,255,2.345
1000000,366,255,2.370
1000000,367,255,10.372
1000000,368,255,3.584
1000000,369,255,2.822
1000000,370,255,2.547
1000000,371,255,2.602
1000000,372,255,2.573
1000000,373,255,2.952
1000000,374,255,2.481
1000000,375,255,2.529
1000000,376,255,2.476
1000000,377,255,3.542
1000000,378,255,3.578
1000000,379,255,4.489
1000000,380,255,4.912
1000000,381,255,4.662
1000000,382,255,4.588
1000000,383,255,4.768
1000000,384,255,4.709
1000000,385,255,4.880
1000000,386,255,4.179
1000000,387,255,4.216
1000000,388,255,4.390
1000000,389,255,4.402
1000000,390,255,19.535
1000000,391,255,382.398
1000000,392,255,5.007
1000000,393,255,2.542
1000000,394,255,2.559
1000000,395,255,2.217
1000000,396,255,2.484
1000000,397,255,2.220
1000000,398,255,2.201
1000000,399,255,2.146
1000000,400,255,2.144
1000000,401,255,2.684
1000000,402,255,2.404
1000000,403,255,2.182
1000000,404,255,2.091
1000000,405,255,2.106
1000000,406,255,2.078
1000000,407,255,2.117
1000000,408,255,3.056
1000000,409,255,2.339
1000000,410,255,7.851
1000000,411,255,11.670
1000000,412,255,6.014
1000000,413,255,22.498
1000000,414,255,9.359
1000000,415,255,8.782
1000000,416,255,9.109
1000000,417,255,7.766
1000000,418,255,6.868
1000000,419,255,8.793
1000000,420,255,7.607
1000000,421,255,7.721
1000000,422,255,7.664
1000000,423,255,7.464
1000000,424,255,9.380
1000000,425,255,9.273
1000000,426,255,7.307
1000000,427,255,5.248
1000000,428,255,7.704
1000000,429,255,6.726
1000000,430,255,5.530
1000000,431,255,7.019
1000000,432,255,5.192
1000000,433,255,5.165
1000000,434,255,4.939
1000000,435,255,5.038
1000000,436,255,5.492
1000000,437,255,24.768
1000000,438,255,7.110
1000000,439,255,2.381
1000000,440,255,2.213
1000000,441,255,2.261
1000000,442,155,8.888
1000000,443,255,91433.939
1000000,444,255,220.870
1000000,445,255,23.567
1000000,446,255,4.830
1000000,447,255,4.315
1000000,448,255,5.222
1000000,449,255,4.216
1000000,450,255,3.922
1000000,451,255,3.938
1000000,452,255,4.153
1000000,453,255,4.148
1000000,454,255,6.630
1000000,455,255,23.644
1000000,456,255,21.707
1000000,457,255,31.830
1000000,458,255,751.337
1000000,459,255,31.732
1000000,460,255,24.127
1000000,461,255,21.560
1000000,462,255,5.188
1000000,463,255,3.918
1000000,464,255,4.127
1000000,465,255,4.029
1000000,466,255,4.009
1000000,467,255,3.633
1000000,468,255,3.584
1000000,469,255,3.577
1000000,470,255,3.956
1000000,471,255,4.691
1000000,472,255,3.675
1000000,473,255,3.598
1000000,474,255,3.609
1000000,475,255,3.590
1000000,476,255,3.678
1000000,477,255,20.866
1000000,478,255,4.979
1000000,479,255,3.645
1000000,480,255,3.618
1000000,481,255,3.706
1000000,482,255,49.535
1000000,483,255,25.949
1000000,484,255,7.142
1000000,485,255,8.571
1000000,486,255,5.016
1000000,487,255,5.087
1000000,488,255,5.635
1000000,489,255,5.812
1000000,490,255,5.211
1000000,491,255,5.096
1000000,492,255,5.040
1000000,493,255,5.036
1000000,494,255,5.559
1000000,495,255,5.134
1000000,496,255,5.050
1000000,497,255,9.564
1000000,498,255,5.856
1000000,499,255,5.001
1000000,500,255,5.690
1000000,501,255,5.088
1000000,502,255,4.935
1000000,503,255,5.228
1000000,504,255,5.172
1000000,505,255,5.482
1000000,506,255,19.173
1000000,507,255,6.149
1000000,508,255,574.604
1000000,509,255,4486.586
1000000,510,255,8.986
1000000,511,255,1.765
1000000,512,255,1.530
1000000,513,255,1.434
1000000,514,255,1.408
1000000,515,255,2.718
1000000,516,255,2.092
1000000,517,255,3.543
1000000,518,255,2.526
1000000,519,255,4.926
1000000,520,255,5.662
1000000,521,255,6.237
1000000,522,255,5.597
1000000,523,255,6.730
1000000,524,255,5.123
1000000,525,255,3.757
1000000,526,255,3.714
1000000,527,255,3.965
1000000,528,255,7.529
1000000,529,255,23.000
1000000,530,255,5.980
1000000,531,255,4.102
1000000,532,255,3.797
1000000,533,255,3.776
1000000,534,255,14.105
1000000,535,255,3.750
1000000,536,255,3.564
1000000,537,255,3.523
1000000,538,255,3.627
1000000,539,255,3.648
1000000,540,255,4.281
1000000,541,255,3.742
1000000,542,255,3.624
1000000,543,255,3.727
1000000,544,255,5.948
1000000,545,255,5.917
1000000,546,255,6.756
1000000,547,255,6.848
1000000,548,255,3.816
1000000,549,255,3.709
1000000,550,255,3.652
1000000,551,255,3.888
1000000,552,255,19.104
1000000,553,255,4.255
1000000,554,255,3.597
1000000,555,255,3.585
1000000,556,255,3.541
1000000,557,255,4.140
1000000,558,255,6.116
1000000,559,255,6.550
1000000,560,255,6.328
1000000,561,255,10.973
1000000,562,255,7.110
1000000,563,255,7.118
1000000,564,255,7.017
1000000,565,255,6.079
1000000,566,255,6.214
1000000,567,255,5.696
1000000,568,255,5.078
1000000,569,255,3.741
1000000,570,255,3.564
1000000,571,255,3.613
1000000,572,255,3.889
1000000,573,255,3.698
1000000,574,255,3.913
1000000,575,255,16.916
1000000,576,255,3.984
1000000,577,255,3.477
1000000,578,255,3.341
1000000,579,255,3.320
1000000,580,255,3.873
1000000,581,255,5.825
1000000,582,255,5.961
1000000,583,255,6.895
1000000,584,255,3.673
1000000,585,255,3.545
1000000,586,255,4.089
1000000,587,255,3.690
1000000,588,255,3.591
1000000,589,255,3.673
1000000,590,255,3.641
1000000,591,255,4.100
1000000,592,255,3.656
1000000,593,255,3.472
1000000,594,255,3.633
1000000,595,255,3.733
1000000,596,255,3.606
1000000,597,255,3.993
1000000,598,255,16.753
1000000,599,255,4.591
1000000,600,255,3.897
1000000,601,255,3.836
1000000,602,255,3.809
1000000,603,255,4.069
1000000,604,255,3.815
1000000,605,255,3.879
1000000,606,255,6.261
1000000,607,255,5.823
1000000,608,255,5.915
1000000,609,255,6.647
1000000,610,255,6.095
1000000,611,255,6.228
1000000,612,255,6.037
1000000,613,255,5.370
1000000,614,255,6.293
1000000,615,255,6.907
1000000,616,255,5.383
1000000,617,255,5.559
1000000,618,255,5.826
1000000,619,255,5.783
1000000,620,255,5.959
1000000,621,255,20.386
1000000,622,255,6.583
1000000,623,255,3.461
1000000,624,255,3.333
1000000,625,255,5.129
1000000,626,255,21.903
1000000,627,255,7.861
1000000,628,255,5.854
1000000,629,255,5.647
1000000,630,255,5.544
1000000,631,255,5.837
1000000,632,255,5.550
1000000,633,255,5.723
1000000,634,255,5.434
1000000,635,255,6.283
1000000,636,255,5.314
1000000,637,255,6.048
1000000,638,255,5.650
1000000,639,255,5.706
1000000,640,255,5.388
1000000,641,255,5.263
1000000,642,255,5.264
1000000,643,255,7.248
1000000,644,255,5.778
1000000,645,255,16.596
1000000,646,255,6.491
1000000,647,255,5.459
1000000,648,255,5.961
1000000,649,255,4.135
1000000,650,255,3.703
1000000,651,255,3.556
1000000,652,255,5.551
1000000,653,255,5.740
1000000,654,255,6.438
1000000,655,255,9.058
1000000,656,255,4.421
1000000,657,255,3.677
1000000,658,255,3.653
1000000,659,255,3.585
1000000,660,255,4.041
1000000,661,255,4.318
1000000,662,255,3.724
1000000,663,255,3.408
1000000,664,255,3.401
1000000,665,255,3.430
1000000,666,255,1.595
1000000,667,255,1.305
1000000,668,255,6.158
1000000,669,255,1.431
1000000,670,255,1.410
1000000,671,255,1.380
1000000,672,255,11.198
1000000,673,255,1.321
1000000,674,255,1.229
1000000,675,255,1.301
1000000,676,255,1.833
1000000,677,255,2.064
1000000,678,255,1.520
1000000,679,255,1.590
1000000,680,255,1.559
1000000,681,255,1.472
1000000,682,255,1.534
1000000,683,255,2.411
1000000,684,255,2.270
1000000,685,255,2.204
1000000,686,255,2.132
1000000,687,255,2.820
1000000,688,255,2.338
1000000,689,255,5.277
1000000,690,255,4.429
1000000,691,255,23.909
1000000,692,255,4.398
1000000,693,255,3.171
1000000,694,255,3.349
1000000,695,255,2.914
1000000,696,255,3.079
1000000,697,255,2.987
1000000,698,255,2.853
1000000,699,255,2.935
1000000,700,255,3.420
1000000,701,255,3.010
1000000,702,255,3.076
1000000,703,255,2.779
1000000,704,255,2.971
1000000,705,255,2.909
1000000,706,255,3.255
1000000,707,255,3.001
1000000,708,255,3.253
1000000,709,255,3.171
1000000,710,255,5.976
1000000,711,255,4.107
1000000,712,255,7.492
1000000,713,255,4.186
1000000,714,255,21.418
1000000,715,255,8.166
1000000,716,255,5.813
1000000,717,255,5.746
1000000,718,255,5.952
1000000,719,255,5.594
1000000,720,255,5.778
1000000,721,255,5.319
1000000,722,255,5.361
1000000,723,255,5.602
1000000,724,255,5.206
1000000,725,255,4.719
1000000,726,255,5.662
1000000,727,255,4.724
1000000,728,255,4.665
1000000,729,255,4.618
1000000,730,255,4.513
1000000,731,255,4.618
1000000,732,255,4.585
1000000,733,255,4.923
1000000,734,255,5.103
1000000,735,255,5.697
1000000,736,255,19.431
1000000,737,255,19.303
1000000,738,255,6.903
1000000,739,255,10.697
1000000,740,255,5.724
1000000,741,255,5.365
1000000,742,255,5.331
1000000,743,255,5.356
1000000,744,255,5.072
1000000,745,255,4.969
1000000,746,255,5.504
1000000,747,255,4.603
1000000,748,255,4.914
1000000,749,255,4.907
1000000,750,255,4.999
1000000,751,255,5.425
1000000,752,255,6.250
1000000,753,255,4.900
1000000,754,255,4.760
1000000,755,255,4.834
1000000,756,255,5.199
1000000,757,255,5.495
1000000,758,255,5.426
1000000,759,255,5.145
1000000,760,255,5.002
1000000,761,255,18.478
1000000,762,255,6.447
1000000,763,255,5.986
1000000,764,255,5.445
1000000,765,255,5.654
1000000,766,255,5.740
1000000,767,255,5.332
1000000,768,255,4.943
1000000,769,255,5.541
1000000,770,255,5.037
1000000,771,255,4.920
1000000,772,255,5.007
1000000,773,255,4.638
1000000,774,255,4.634
1000000,775,255,5.717
1000000,776,255,4.937
1000000,777,255,4.865
1000000,778,255,4.999
1000000,779,255,4.787
1000000,780,255,5.688
1000000,781,255,4.987
1000000,782,255,5.236
1000000,783,255,5.034
1000000,784,255,19.167
1000000,785,255,7.144
1000000,786,255,7.065
1000000,787,255,5.023
1000000,788,255,5.603
1000000,789,255,41.824
1000000,790,255,9.773
1000000,791,255,5.949
1000000,792,255,5.924
1000000,793,255,5.511
1000000,794,255,5.633
1000000,795,255,5.806
1000000,796,255,6.109
1000000,797,255,17.569
1000000,798,255,5.823
1000000,799,255,6.011
1000000,800,255,5.108
1000000,801,255,4.933
1000000,802,255,5.590
1000000,803,255,6.097
1000000,804,255,5.207
1000000,805,255,4.933
1000000,806,255,5.414
1000000,807,255,18.567
1000000,808,255,7.119
1000000,809,255,5.951
1000000,810,255,6.054
1000000,811,255,5.879
1000000,812,255,4.996
1000000,813,255,5.617
1000000,814,255,6.283
1000000,815,255,5.821
1000000,816,255,5.669
1000000,817,255,5.335
1000000,818,255,5.268
1000000,819,255,5.532
1000000,820,255,5.628
1000000,821,255,5.476
1000000,822,255,9.536
1000000,823,255,5.958
1000000,824,255,5.457
1000000,825,255,5.086
1000000,826,255,6.680
1000000,827,255,5.639
1000000,828,255,5.514
1000000,829,255,4.943
1000000,830,255,17.458
1000000,831,255,7.184
1000000,832,255,6.097
1000000,833,255,5.522
1000000,834,255,5.235
1000000,835,255,13.449
1000000,836,255,5.076
1000000,837,255,5.695
1000000,838,255,99.296
1000000,839,255,5.411
1000000,840,255,4.701
1000000,841,255,4.890
1000000,842,255,5.113
1000000,843,255,5.315
1000000,844,255,4.922
1000000,845,255,4.811
1000000,846,255,3.734
1000000,847,255,3.676
1000000,848,255,3.768
1000000,849,255,4.839
1000000,850,255,4.005
1000000,851,255,3.777
1000000,852,255,3.751
1000000,853,255,13.245
1000000,854,255,5.916
1000000,855,255,4.957
1000000,856,255,4.636
1000000,857,255,1190.365
1000000,858,255,21.461
1000000,859,255,4.015
1000000,860,255,3.760
1000000,861,255,3.193
1000000,862,255,3.182
1000000,863,255,2.971
1000000,864,255,3.117
1000000,865,255,6.204
1000000,866,255,3.992
1000000,867,255,3.295
1000000,868,255,2.943
1000000,869,255,3.182
1000000,870,255,2.792
1000000,871,255,3.266
1000000,872,255,3.530
1000000,873,255,3.665
1000000,874,255,2.944
1000000,875,255,3.023
1000000,876,255,13.427
1000000,877,255,4.655
1000000,878,255,3.885
1000000,879,255,3.315
1000000,880,255,3.281
1000000,881,255,3.138
1000000,882,255,3.102
1000000,883,255,3.696
1000000,884,255,3.363
1000000,885,255,3.263
1000000,886,255,3.267
1000000,887,255,3.488
1000000,888,255,3.060
1000000,889,255,3.443
1000000,890,255,3.079
1000000,891,255,3.131
1000000,892,255,3.087
1000000,893,255,3.016
1000000,894,255,3.112
1000000,895,255,3.522
1000000,896,255,3.242
1000000,897,255,3.263
1000000,898,255,3.428
1000000,899,255,3.793
1000000,900,255,13.154
1000000,901,255,3.911
1000000,902,255,3.061
1000000,903,255,2.822
1000000,904,255,2.887
1000000,905,255,2.966
1000000,906,255,8.040
1000000,907,255,2.897
1000000,908,255,3.188
1000000,909,255,2.907
1000000,910,255,2.871
1000000,911,255,2.960
1000000,912,255,3.235
1000000,913,255,2.940
1000000,914,255,2.845
1000000,915,255,2.946
1000000,916,255,2.933
1000000,917,255,2.819
1000000,918,255,3.465
1000000,919,255,3.092
1000000,920,255,2.946
1000000,921,255,2.910
1000000,922,255,4.334
1000000,923,255,14.289
1000000,924,255,3.895
1000000,925,255,3.259
1000000,926,255,2.937
1000000,927,255,3.021
1000000,928,255,2.915
1000000,929,255,3.580
1000000,930,255,3.098
1000000,931,255,3.079
1000000,932,255,2.935
1000000,933,255,2.884
1000000,934,255,2.886
1000000,935,255,3.851
1000000,936,255,2.792
1000000,937,255,2.722
1000000,938,255,2.979
1000000,939,255,4.689
1000000,940,255,2.834
1000000,941,255,3.467
1000000,942,255,13.942
1000000,943,255,3.487
1000000,944,255,2.536
1000000,945,255,2.369
1000000,946,255,11.496
1000000,947,255,3.263
1000000,948,255,2.327
1000000,949,255,2.223
1000000,950,255,2.353
1000000,951,255,2.266
1000000,952,255,2.783
1000000,953,255,2.235
1000000,954,255,2.271
1000000,955,255,2.235
1000000,956,255,2.277
1000000,957,255,2.206
1000000,958,255,2.442
1000000,959,255,2.176
1000000,960,255,3.314
1000000,961,255,3.489
1000000,962,255,5.305
1000000,963,255,3.848
1000000,964,255,8.848
1000000,965,255,2.483
1000000,966,255,2.467
1000000,967,255,2.436
1000000,968,255,3.606
1000000,969,255,9.403
1000000,970,255,3.558
1000000,971,255,3.599
1000000,972,255,2.433
1000000,973,255,2.454
1000000,974,255,2.366
1000000,975,255,2.597
1000000,976,255,2.383
1000000,977,255,2.345
1000000,978,255,2.286
1000000,979,255,2.382
1000000,980,255,2.289
1000000,981,255,2.932
1000000,982,255,2.446
1000000,983,255,2.369
1000000,984,255,4.814
1000000,985,255,2.462
1000000,986,255,2.450
1000000,987,255,2.242
1000000,988,255,2.189
1000000,989,255,2.112
1000000,990,255,2.198
1000000,991,255,3.582
1000000,992,255,2.605
1000000,993,255,8.930
1000000,994,255,2.753
1000000,995,255,2.192
1000000,996,255,2.371
1000000,997,255,2.279
1000000,998,255,2.255
1000000,999,255,2.305
1000000,1000,255,2.159
1000000,1001,255,2.124
1000000,1002,255,2.164
1000000,1003,255,2.215
1000000,1004,255,2.532
1000000,1005,255,2.172
1000000,1006,255,2.090
1000000,1007,255,2.045
1000000,1008,255,2.234
1000000,1009,255,2.417
1000000,1010,255,2.132
1000000,1011,255,2.127
1000000,1012,255,2.211
1000000,1013,255,2.096
1000000,1014,255,12.571
1000000,1015,255,8.902
1000000,1016,255,2.944
1000000,1017,255,2.241
1000000,1018,255,2.164
1000000,1019,255,2.342
1000000,1020,255,2.238
1000000,1021,255,2.452
1000000,1022,255,2.256
1000000,1023,255,2.123
1000000,1024,255,2.270
1000000,1025,255,2.389
1000000,1026,255,2.113
1000000,1027,255,2.459
1000000,1028,255,2.046
1000000,1029,255,2.087
1000000,1030,255,2.299
1000000,1031,255,2.127
1000000,1032,255,2.413
1000000,1033,255,2.335
1000000,1034,255,2.295
1000000,1035,255,2.358
1000000,1036,255,2.302
1000000,1037,255,9.428
1000000,1038,255,3.624
1000000,1039,255,2.772
1000000,1040,255,2.561
1000000,1041,255,2.539
1000000,1042,255,2.411
1000000,1043,255,2.363
1000000,1044,255,2.695
1000000,1045,255,2.344
1000000,1046,255,2.531
1000000,1047,255,2.446
1000000,1048,255,2.488
1000000,1049,255,7.058
1000000,1050,255,2.518
1000000,1051,255,2.196
1000000,1052,255,2.383
1000000,1053,255,2.017
1000000,1054,255,2.118
1000000,1055,255,3.018
1000000,1056,255,2.461
1000000,1057,255,2.243
1000000,1058,255,2.500
1000000,1059,255,2.470
1000000,1060,255,11.950
1000000,1061,255,3.480
1000000,1062,255,2.650
1000000,1063,255,2.319
1000000,1064,255,2.481
1000000,1065,255,2.286
1000000,1066,255,2.232
1000000,1067,255,2.400
1000000,1068,255,2.209
1000000,1069,255,2.051
1000000,1070,255,2.209
1000000,1071,255,2.067
1000000,1072,255,2.315
1000000,1073,255,2.053
1000000,1074,255,2.068
1000000,1075,255,2.116
1000000,1076,255,2.176
1000000,1077,255,2.296
1000000,1078,255,2.462
1000000,1079,255,2.389
1000000,1080,255,2.516
1000000,1081,255,2.419
1000000,1082,255,8.986
1000000,1083,255,2.799
1000000,1084,255,2.572
1000000,1085,255,2.368
1000000,1086,255,2.200
1000000,1087,255,3.350
1000000,1088,255,2.086
1000000,1089,255,2.307
1000000,1090,255,2.179
1000000,1091,255,8.461
1000000,1092,255,2.338
1000000,1093,255,4.199
1000000,1094,255,2.185
1000000,1095,255,3.447
1000000,1096,255,2.364
1000000,1097,255,3.467
1000000,1098,255,6.759
1000000,1099,255,2.742
1000000,1100,255,2.193
1000000,1101,255,2.472
1000000,1102,255,2.001
1000000,1103,255,2.089
1000000,1104,255,7.951
1000000,1105,255,2.776
1000000,1106,255,2.152
1000000,1107,255,2.339
1000000,1108,255,2.009
1000000,1109,255,2.190
1000000,1110,255,2.233
1000000,1111,255,2.122
1000000,1112,255,2.282
1000000,1113,255,2.297
1000000,1114,255,2.323
1000000,1115,255,2.251
1000000,1116,255,2.191
1000000,1117,255,2.160
1000000,1118,255,2.561
1000000,1119,255,2.200
1000000,1120,255,2.251
1000000,1121,255,2.071
1000000,1122,255,2.098
1000000,1123,255,2.141
1000000,1124,255,2.423
1000000,1125,255,2.163
1000000,1126,255,9.437
1000000,1127,255,3.481
1000000,1128,255,2.159
1000000,1129,255,2.052
1000000,1130,255,2.434
1000000,1131,255,2.080
1000000,1132,255,2.065
1000000,1133,255,2.160
1000000,1134,255,2.076
1000000,1135,255,2.291
1000000,1136,255,2.022
1000000,1137,255,2.169
1000000,1138,255,2.087
1000000,1139,255,8.125
1000000,1140,255,3.213
1000000,1141,255,2.738
1000000,1142,255,2.593
1000000,1143,255,2.503
1000000,1144,255,2.295
1000000,1145,255,2.065
1000000,1146,255,2.291
1000000,1147,255,2.525
1000000,1148,255,2.214
1000000,1149,255,7.404
1000000,1150,255,3.106
1000000,1151,255,2.409
1000000,1152,255,3.025
1000000,1153,255,3.176
1000000,1154,255,2.557
1000000,1155,255,2.392
1000000,1156,255,2.266
1000000,1157,255,2.365
1000000,1158,255,2.507
1000000,1159,255,2.232
1000000,1160,255,2.423
1000000,1161,255,2.255
1000000,1162,255,2.790
1000000,1163,255,2.253
1000000,1164,255,2.494
1000000,1165,255,2.193
1000000,1166,255,2.194
1000000,1167,255,2.166
1000000,1168,255,2.295
1000000,1169,255,2.236
1000000,1170,255,2.560
1000000,1171,255,8.801
1000000,1172,255,7.378
1000000,1173,255,2.315
1000000,1174,255,2.359
1000000,1175,255,2.435
1000000,1176,255,2.306
1000000,1177,255,2.166
1000000,1178,255,2.210
1000000,1179,255,2.317
1000000,1180,255,2.341
1000000,1181,255,2.380
1000000,1182,255,2.204
1000000,1183,255,2.255
1000000,1184,255,2.625
1000000,1185,255,2.313
1000000,1186,255,2.167
1000000,1187,255,2.527
1000000,1188,255,2.189
1000000,1189,255,2.317
1000000,1190,255,2.208
1000000,1191,255,2.143
1000000,1192,255,2.143
1000000,1193,255,8.555
1000000,1194,255,2.879
1000000,1195,255,2.886
1000000,1196,255,2.444
1000000,1197,255,2.186
1000000,1198,255,2.389
1000000,1199,255,2.272
1000000,1200,255,2.273
1000000,1201,255,2.215
1000000,1202,255,2.291
1000000,1203,255,2.242
1000000,1204,255,2.393
1000000,1205,255,2.294
1000000,1206,255,2.642
1000000,1207,255,2.388
1000000,1208,255,2.449
1000000,1209,255,2.270
1000000,1210,255,2.603
1000000,1211,255,2.352
1000000,1212,255,2.256
1000000,1213,255,2.146
1000000,1214,255,2.232
1000000,1215,255,7.913
1000000,1216,255,3.177
1000000,1217,255,2.595
1000000,1218,255,2.403
1000000,1219,255,2.189
1000000,1220,255,2.184
1000000,1221,255,2.499
1000000,1222,255,2.335
1000000,1223,255,2.240
1000000,1224,255,2.199
1000000,1225,255,2.252
1000000,1226,255,2.356
1000000,1227,255,2.923
1000000,1228,255,2.222
1000000,1229,255,2.310
1000000,1230,255,2.234
1000000,1231,255,2.279
1000000,1232,255,2.234
1000000,1233,255,2.531
1000000,1234,255,2.371
1000000,1235,255,2.223
1000000,1236,255,2.221
1000000,1237,255,2.360
1000000,1238,255,8.235
1000000,1239,255,3.232
1000000,1240,255,2.665
1000000,1241,255,2.488
1000000,1242,255,2.402
1000000,1243,255,2.484
1000000,1244,255,2.699
1000000,1245,255,2.553
1000000,1246,255,2.276
1000000,1247,255,4.506
1000000,1248,255,2.609
1000000,1249,255,2.334
1000000,1250,255,2.873
1000000,1251,255,2.278
1000000,1252,255,2.121
1000000,1253,255,2.209
1000000,1254,255,2.129
1000000,1255,255,2.250
1000000,1256,255,2.601
1000000,1257,255,2.150
1000000,1258,255,2.069
1000000,1259,255,2.139
1000000,1260,255,10.244
1000000,1261,255,3.032
1000000,1262,255,2.334
1000000,1263,255,2.454
1000000,1264,255,2.284
1000000,1265,255,4.224
1000000,1266,255,2.291
1000000,1267,255,4.212
1000000,1268,255,2.358
1000000,1269,255,2.234
1000000,1270,255,2.327
1000000,1271,255,2.453
1000000,1272,255,2.234
1000000,1273,255,2.506
1000000,1274,255,2.279
1000000,1275,255,2.252
1000000,1276,255,2.597
1000000,1277,255,2.524
1000000,1278,255,2.369
1000000,1279,255,3.683
1000000,1280,255,2.274
1000000,1281,255,2.191
1000000,1282,255,9.271
1000000,1283,255,2.754
1000000,1284,255,2.425
1000000,1285,255,2.260
1000000,1286,255,2.325
1000000,1287,255,2.134
1000000,1288,255,2.228
1000000,1289,255,2.181
1000000,1290,255,2.329
1000000,1291,255,2.103
1000000,1292,255,2.107
1000000,1293,255,2.074
1000000,1294,255,2.077
1000000,1295,255,2.053
1000000,1296,255,2.674
1000000,1297,255,2.244
1000000,1298,255,2.208
1000000,1299,255,2.207
1000000,1300,255,2.684
1000000,1301,255,12.788
1000000,1302,255,2.646
1000000,1303,255,2.524
1000000,1304,255,8.641
1000000,1305,255,3.083
1000000,1306,255,2.637
1000000,1307,255,2.684
1000000,1308,255,2.646
1000000,1309,255,2.262
1000000,1310,255,2.102
1000000,1311,255,2.155
1000000,1312,255,2.085
1000000,1313,255,2.240
1000000,1314,255,2.061
1000000,1315,255,2.106
1000000,1316,255,2.022
1000000,1317,255,1.956
1000000,1318,255,2.041
1000000,1319,255,2.247
1000000,1320,255,2.041
1000000,1321,255,2.048
1000000,1322,255,2.010
1000000,1323,255,2.068
1000000,1324,255,2.448
1000000,1325,255,2.117
1000000,1326,255,2.063
1000000,1327,255,8.565
1000000,1328,255,2.693
1000000,1329,255,2.146
1000000,1330,255,2.329
1000000,1331,255,2.175
1000000,1332,255,2.105
1000000,1333,255,2.003
1000000,1334,255,2.220
1000000,1335,255,2.119
1000000,1336,255,2.484
1000000,1337,255,2.163
1000000,1338,255,2.202
1000000,1339,255,2.314
1000000,1340,255,2.284
1000000,1341,255,2.276
1000000,1342,255,2.119
1000000,1343,255,2.203
1000000,1344,255,1.941
1000000,1345,255,2.085
1000000,1346,255,1.723
1000000,1347,255,5.013
1000000,1348,255,1.922
1000000,1349,255,7.380
1000000,1350,255,2.288
1000000,1351,255,1.825
1000000,1352,255,1.689
1000000,1353,255,2.016
1000000,1354,255,1.890
1000000,1355,255,1.729
1000000,1356,255,1.721
1000000,1357,255,1.590
1000000,1358,255,1.711
1000000,1359,255,1.941
1000000,1360,255,1.786
1000000,1361,255,1.864
1000000,1362,255,2.264
1000000,1363,255,1.821
1000000,1364,255,1.910
1000000,1365,255,1.901
1000000,1366,255,1.978
1000000,1367,255,1.886
1000000,1368,255,1.908
1000000,1369,255,1.867
1000000,1370,255,2.137
1000000,1371,255,7.904
1000000,1372,255,2.361
1000000,1373,255,2.027
1000000,1374,255,1.983
1000000,1375,255,1.950
1000000,1376,255,2.323
1000000,1377,255,1.975
1000000,1378,255,1.907
1000000,1379,255,1.938
1000000,1380,255,1.912
1000000,1381,255,2.036
1000000,1382,255,1.998
1000000,1383,255,1.886
1000000,1384,255,1.948
1000000,1385,255,1.940
1000000,1386,255,2.018
1000000,1387,255,2.131
1000000,1388,255,1.907
1000000,1389,255,1.896
1000000,1390,255,2.008
1000000,1391,255,1.940
1000000,1392,255,2.025
1000000,1393,255,8.276
1000000,1394,255,3.433
1000000,1395,255,2.393
1000000,1396,255,6.025
1000000,1397,255,2.808
1000000,1398,255,2.487
1000000,1399,255,2.634
1000000,1400,255,2.476
1000000,1401,255,2.290
1000000,1402,255,2.305
1000000,1403,255,2.347
1000000,1404,255,5.544
1000000,1405,255,2.399
1000000,1406,255,2.130
1000000,1407,255,2.114
1000000,1408,255,1.949
1000000,1409,255,1.890
1000000,1410,155,3.821
1000000,1411,255,225566.722
1000000,1412,255,337.350
1000000,1413,255,45.263
1000000,1414,255,7.649
1000000,1415,255,25.690
1000000,1416,255,9.251
1000000,1417,255,27.074
1000000,1418,255,9.084
1000000,1419,255,6.817
1000000,1420,255,6.543
1000000,1421,255,6.317
1000000,1422,255,6.553
1000000,1423,255,6.804
1000000,1424,255,6.965
1000000,1425,255,6.663
1000000,1426,255,6.564
1000000,1427,255,6.882
1000000,1428,255,6.250
1000000,1429,255,6.557
1000000,1430,255,6.272
1000000,1431,255,6.124
1000000,1432,255,6.630
1000000,1433,255,7.674
1000000,1434,255,6.563
1000000,1435,255,6.265
1000000,1436,255,6.077
1000000,1437,255,6.416
1000000,1438,255,25.914
1000000,1439,255,8.607
1000000,1440,255,7.043
1000000,1441,255,6.206
1000000,1442,255,6.595
1000000,1443,255,6.303
1000000,1444,255,6.501
1000000,1445,255,6.692
1000000,1446,255,6.307
1000000,1447,255,6.134
1000000,1448,255,5.998
1000000,1449,255,5.922
1000000,1450,255,5.858
1000000,1451,255,6.770
1000000,1452,255,5.943
1000000,1453,255,6.325
1000000,1454,255,5.536
1000000,1455,255,6.088
1000000,1456,255,6.337
1000000,1457,255,5.792
1000000,1458,255,5.513
1000000,1459,255,5.522
1000000,1460,255,21.126
1000000,1461,255,7.979
1000000,1462,255,22.002
1000000,1463,255,7.586
1000000,1464,255,6.283
1000000,1465,255,5.475
1000000,1466,255,6.039
1000000,1467,255,6.140
1000000,1468,255,6.186
1000000,1469,255,5.916
1000000,1470,255,5.942
1000000,1471,255,5.662
1000000,1472,255,5.661
1000000,1473,255,6.464
1000000,1474,255,5.813
1000000,1475,255,5.891
1000000,1476,255,5.630
1000000,1477,255,5.530
1000000,1478,255,5.736
1000000,1479,255,6.476
1000000,1480,255,5.764
1000000,1481,255,5.731
1000000,1482,255,1038.845
1000000,1483,255,21.656
1000000,1484,255,6.595
1000000,1485,255,6.359
1000000,1486,255,5.856
1000000,1487,255,6.245
1000000,1488,255,6.214
1000000,1489,255,5.995
1000000,1490,255,6.431
1000000,1491,255,6.929
1000000,1492,255,6.469
1000000,1493,255,6.167
1000000,1494,255,6.424
1000000,1495,255,5.961
1000000,1496,255,18.792
1000000,1497,255,6.193
1000000,1498,255,5.787
1000000,1499,255,5.888
1000000,1500,255,5.842
1000000,1501,255,6.242
1000000,1502,255,6.871
1000000,1503,255,5.804
1000000,1504,255,27.969
1000000,1505,255,7.861
1000000,1506,255,5.774
1000000,1507,255,5.651
1000000,1508,255,7.150
1000000,1509,255,10.577
1000000,1510,255,6.802
1000000,1511,255,6.006
1000000,1512,255,5.719
1000000,1513,255,5.623
1000000,1514,255,6.569
1000000,1515,255,6.519
1000000,1516,255,5.666
1000000,1517,255,5.564
1000000,1518,255,5.710
1000000,1519,255,6.471
1000000,1520,255,6.141
1000000,1521,255,7.051
1000000,1522,255,6.105
1000000,1523,255,6.180
1000000,1524,255,5.963
1000000,1525,255,6.697
1000000,1526,255,18.603
1000000,1527,255,17.289
1000000,1528,255,6.265
1000000,1529,255,6.024
1000000,1530,255,4.200
1000000,1531,255,4.263
1000000,1532,255,3.686
1000000,1533,255,3.520
1000000,1534,255,3.845
1000000,1535,255,3.711
1000000,1536,255,3.941
1000000,1537,255,3.815
1000000,1538,255,3.710
1000000,1539,255,3.690
1000000,1540,255,3.683
1000000,1541,255,3.707
1000000,1542,255,4.630
1000000,1543,255,3.771
1000000,1544,255,3.890
1000000,1545,255,3.740
1000000,1546,255,3.650
1000000,1547,255,3.676
1000000,1548,255,19.787
1000000,1549,255,4.347
1000000,1550,255,10.326
1000000,1551,255,3.494
1000000,1552,255,5.397
1000000,1553,255,6.094
1000000,1554,255,4.109
1000000,1555,255,3.530
1000000,1556,255,3.913
1000000,1557,255,3.464
1000000,1558,255,3.442
1000000,1559,255,3.494
1000000,1560,255,3.448
1000000,1561,255,3.862
1000000,1562,255,3.502
1000000,1563,255,3.486
1000000,1564,255,3.500
1000000,1565,255,3.484
1000000,1566,255,3.365
1000000,1567,255,3.802
1000000,1568,255,3.494
1000000,1569,255,3.542
1000000,1570,255,19.678
1000000,1571,255,5.046
1000000,1572,255,4.140
1000000,1573,255,4.936
1000000,1574,255,3.876
1000000,1575,255,3.654
1000000,1576,255,3.739
1000000,1577,255,3.554
1000000,1578,255,3.912
1000000,1579,255,8.212
1000000,1580,255,4.346
1000000,1581,255,4.196
1000000,1582,255,4.054
1000000,1583,255,3.626
1000000,1584,255,4.236
1000000,1585,255,3.743
1000000,1586,255,3.764
1000000,1587,255,3.734
1000000,1588,255,3.691
1000000,1589,255,3.665
1000000,1590,255,4.072
1000000,1591,255,3.692
1000000,1592,255,3.702
1000000,1593,255,18.661
1000000,1594,255,4.440
1000000,1595,255,4.087
1000000,1596,255,4.850
1000000,1597,255,3.615
1000000,1598,255,3.460
1000000,1599,255,3.473
1000000,1600,255,3.424
1000000,1601,255,3.682
1000000,1602,255,3.461
1000000,1603,255,3.444
1000000,1604,255,3.446
1000000,1605,255,3.827
1000000,1606,255,3.518
1000000,1607,255,4.027
1000000,1608,255,3.627
1000000,1609,255,3.507
1000000,1610,255,3.624
1000000,1611,255,3.525
1000000,1612,255,3.503
1000000,1613,255,3.887
1000000,1614,255,3.524
1000000,1615,255,16.247
1000000,1616,255,4.748
1000000,1617,255,4.266
1000000,1618,255,3.980
1000000,1619,255,3.689
1000000,1620,255,3.527
1000000,1621,255,3.514
1000000,1622,255,3.448
1000000,1623,255,3.522
1000000,1624,255,3.904
1000000,1625,255,3.596
1000000,1626,255,3.460
1000000,1627,255,3.511
1000000,1628,255,3.520
1000000,1629,255,3.530
1000000,1630,255,4.486
1000000,1631,255,3.609
1000000,1632,255,4.101
1000000,1633,255,3.538
1000000,1634,255,3.542
1000000,1635,255,8.212
1000000,1636,255,4.757
1000000,1637,255,18.270
1000000,1638,255,4.069
1000000,1639,255,3.711
1000000,1640,255,3.558
1000000,1641,255,3.915
1000000,1642,255,14.326
1000000,1643,255,4.318
1000000,1644,255,4.028
1000000,1645,255,3.791
1000000,1646,255,3.529
1000000,1647,255,4.452
1000000,1648,255,3.612
1000000,1649,255,2.935
1000000,1650,255,2.892
1000000,1651,255,2.885
1000000,1652,255,3.018
1000000,1653,255,9.047
1000000,1654,255,2.813
1000000,1655,255,2.935
1000000,1656,255,2.956
1000000,1657,255,2.952
1000000,1658,255,2.835
1000000,1659,255,15.039
1000000,1660,255,3.855
1000000,1661,255,3.252
1000000,1662,255,6.770
1000000,1663,255,3.204
1000000,1664,255,3.735
1000000,1665,255,2.977
1000000,1666,255,2.824
1000000,1667,255,2.839
1000000,1668,255,2.818
1000000,1669,255,2.782
1000000,1670,255,3.286
1000000,1671,255,2.816
1000000,1672,255,2.808
1000000,1673,255,2.931
1000000,1674,255,2.842
1000000,1675,255,2.817
1000000,1676,255,3.107
1000000,1677,255,2.888
1000000,1678,255,2.794
1000000,1679,255,2.833
1000000,1680,255,2.842
1000000,1681,255,3.123
1000000,1682,255,17.451
1000000,1683,255,6.331
1000000,1684,255,3.764
1000000,1685,255,3.197
1000000,1686,255,2.977
1000000,1687,255,3.189
1000000,1688,255,3.093
1000000,1689,255,3.080
1000000,1690,255,3.090
1000000,1691,255,3.049
1000000,1692,255,3.031
1000000,1693,255,3.235
1000000,1694,255,3.126
1000000,1695,255,2.971
1000000,1696,255,3.039
1000000,1697,255,2.991
1000000,1698,255,2.893
1000000,1699,255,3.136
1000000,1700,255,3.113
1000000,1701,255,3.011
1000000,1702,255,2.931
1000000,1703,255,3.018
1000000,1704,255,7.996
1000000,1705,255,1.359
1000000,1706,255,1.105
1000000,1707,255,1.099
1000000,1708,255,1.095
1000000,1709,255,1.086
1000000,1710,255,1.169
1000000,1711,255,1.121
1000000,1712,255,1.115
1000000,1713,255,1.117
1000000,1714,255,1.131
1000000,1715,255,1.113
1000000,1716,255,1.392
1000000,1717,255,1.112
1000000,1718,255,1.120
1000000,1719,255,1.115
1000000,1720,255,1.123
1000000,1721,255,1.117
1000000,1722,255,1.325
1000000,1723,255,1.118
1000000,1724,255,1.117
1000000,1725,255,1.110
1000000,1726,255,9.282
1000000,1727,255,1.756
1000000,1728,255,1.803
1000000,1729,255,1.569
1000000,1730,255,1.320
1000000,1731,255,1.343
1000000,1732,255,1.337
1000000,1733,255,1.628
1000000,1734,255,1.421
1000000,1735,255,1.429
1000000,1736,255,4.366
1000000,1737,255,1.420
1000000,1738,255,1.372
1000000,1739,255,1.561
1000000,1740,255,1.450
1000000,1741,255,1.368
1000000,1742,255,1.359
1000000,1743,255,1.414
1000000,1744,255,1.530
1000000,1745,255,1.453
1000000,1746,255,1.364
1000000,1747,255,1.428
1000000,1748,255,6.834
1000000,1749,255,2.019
1000000,1750,255,2.432
1000000,1751,255,1.739
1000000,1752,255,1.680
1000000,1753,255,1.632
1000000,1754,255,1.635
1000000,1755,255,1.634
1000000,1756,255,1.953
1000000,1757,255,2.789
1000000,1758,255,1.904
1000000,1759,255,1.681
1000000,1760,255,1.677
1000000,1761,255,1.666
1000000,1762,255,1.838
1000000,1763,255,1.710
1000000,1764,255,1.673
1000000,1765,255,1.677
1000000,1766,255,1.710
1000000,1767,255,2.589
1000000,1768,255,1.731
1000000,1769,255,1.681
1000000,1770,255,1.682
1000000,1771,255,13.466
1000000,1772,255,2.589
1000000,1773,255,2.349
1000000,1774,255,2.028
1000000,1775,255,2.063
1000000,1776,255,2.088
1000000,1777,255,2.017
1000000,1778,255,1.963
1000000,1779,255,2.234
1000000,1780,255,2.062
1000000,1781,255,2.136
1000000,1782,255,2.024
1000000,1783,255,8.273
1000000,1784,255,3.738
1000000,1785,255,16.448
1000000,1786,255,4.460
1000000,1787,255,3.534
1000000,1788,255,3.269
1000000,1789,255,3.262
1000000,1790,255,3.612
1000000,1791,255,2.999
1000000,1792,255,2.868
1000000,1793,255,14.864
1000000,1794,255,3.748
1000000,1795,255,3.121
1000000,1796,255,3.410
1000000,1797,255,3.262
1000000,1798,255,3.190
1000000,1799,255,3.090
1000000,1800,255,3.260
1000000,1801,255,3.229
1000000,1802,255,9.090
1000000,1803,255,2.807
1000000,1804,255,2.910
1000000,1805,255,2.854
1000000,1806,255,2.784
1000000,1807,255,3.028
1000000,1808,255,2.754
1000000,1809,255,3.171
1000000,1810,255,2.865
1000000,1811,255,2.737
1000000,1812,255,2.738
1000000,1813,255,3.122
1000000,1814,255,2.760
1000000,1815,255,10.733
1000000,1816,255,3.579
1000000,1817,255,3.336
1000000,1818,255,2.818
1000000,1819,255,3.393
1000000,1820,255,3.192
1000000,1821,255,2.904
1000000,1822,255,2.981
1000000,1823,255,3.031
1000000,1824,255,2.905
1000000,1825,255,3.532
1000000,1826,255,3.182
1000000,1827,255,2.834
1000000,1828,255,2.755
1000000,1829,255,2.796
1000000,1830,255,10.563
1000000,1831,255,2.890
1000000,1832,255,2.738
1000000,1833,255,2.623
1000000,1834,255,2.638
1000000,1835,255,2.804
1000000,1836,255,3.024
1000000,1837,255,10.743
1000000,1838,255,3.644
1000000,1839,255,3.101
1000000,1840,255,2.778
1000000,1841,255,3.049
1000000,1842,255,2.921
1000000,1843,255,2.986
1000000,1844,255,2.874
1000000,1845,255,2.767
1000000,1846,255,2.665
1000000,1847,255,2.843
1000000,1848,255,3.246
1000000,1849,255,2.825
1000000,1850,255,2.819
1000000,1851,255,2.906
1000000,1852,255,2.707
1000000,1853,255,3.006
1000000,1854,255,2.794
1000000,1855,255,2.726
1000000,1856,255,2.726
1000000,1857,255,2.615
1000000,1858,255,2.808
1000000,1859,255,17.716
1000000,1860,255,3.580
1000000,1861,255,2.843
1000000,1862,255,2.627
1000000,1863,255,2.684
1000000,1864,255,2.629
1000000,1865,255,3.237
1000000,1866,255,2.751
1000000,1867,255,2.629
1000000,1868,255,2.629
1000000,1869,255,2.845
1000000,1870,255,3.080
1000000,1871,255,2.828
1000000,1872,255,2.706
1000000,1873,255,2.943
1000000,1874,255,2.757
1000000,1875,255,2.946
1000000,1876,255,3.204
1000000,1877,255,2.893
1000000,1878,255,2.841
1000000,1879,255,2.824
1000000,1880,255,2.694
1000000,1881,255,2.729
1000000,1882,255,10.542
1000000,1883,255,3.647
1000000,1884,255,3.093
1000000,1885,255,2.780
1000000,1886,255,2.760
1000000,1887,255,3.068
1000000,1888,255,3.241
1000000,1889,255,3.089
1000000,1890,255,2.800
1000000,1891,255,2.851
1000000,1892,255,3.076
1000000,1893,255,3.300
1000000,1894,255,2.876
1000000,1895,255,2.966
1000000,1896,255,2.850
1000000,1897,255,2.941
1000000,1898,255,2.943
1000000,1899,255,3.760
1000000,1900,255,6.002
1000000,1901,255,3.277
1000000,1902,255,2.836
1000000,1903,255,2.878
1000000,1904,255,9.111
1000000,1905,255,4.414
1000000,1906,255,3.060
1000000,1907,255,3.309
1000000,1908,255,2.759
1000000,1909,255,3.032
1000000,1910,255,3.064
1000000,1911,255,3.047
1000000,1912,255,10.053
1000000,1913,255,3.755
1000000,1914,255,3.142
1000000,1915,255,3.101
1000000,1916,255,4.243
1000000,1917,255,2.801
1000000,1918,255,2.960
1000000,1919,255,3.461
1000000,1920,255,2128.020
1000000,1921,255,13.106
1000000,1922,255,2.867
1000000,1923,255,2.321
1000000,1924,255,2.334
1000000,1925,255,2.247
1000000,1926,255,8.869
1000000,1927,255,2.739
1000000,1928,255,3.180
1000000,1929,255,2.529
1000000,1930,255,2.608
1000000,1931,255,2.253
1000000,1932,255,2.378
1000000,1933,255,2.506
1000000,1934,255,2.353
1000000,1935,255,2.378
1000000,1936,255,2.167
1000000,1937,255,2.472
1000000,1938,255,2.141
1000000,1939,255,2.539
1000000,1940,255,2.267
1000000,1941,255,2.347
1000000,1942,255,2.277
1000000,1943,255,2.237
1000000,1944,255,2.224
1000000,1945,255,16.827
1000000,1946,255,2.868
1000000,1947,255,2.353
1000000,1948,255,10.933
1000000,1949,255,3.137
1000000,1950,255,2.319
1000000,1951,255,2.678
1000000,1952,255,2.130
1000000,1953,255,2.204
1000000,1954,255,2.261
1000000,1955,255,2.249
1000000,1956,255,2.393
1000000,1957,255,2.299
1000000,1958,255,2.122
1000000,1959,255,2.171
1000000,1960,255,2.165
1000000,1961,255,2.174
1000000,1962,255,2.571
1000000,1963,255,2.194
1000000,1964,255,2.207
1000000,1965,255,2.139
1000000,1966,255,2.135
1000000,1967,255,2.208
1000000,1968,255,3.285
1000000,1969,255,2.203
1000000,1970,255,21.623
1000000,1971,255,4.368
1000000,1972,255,3.689
1000000,1973,255,4.002
1000000,1974,255,9.248
1000000,1975,255,4.092
1000000,1976,255,3.724
1000000,1977,255,3.675
1000000,1978,255,3.859
1000000,1979,255,6.982
1000000,1980,255,6.134
1000000,1981,255,4.084
1000000,1982,255,3.623
1000000,1983,255,3.683
1000000,1984,255,5.496
1000000,1985,255,5.598
1000000,1986,255,3.983
1000000,1987,255,5.073
1000000,1988,255,3.706
1000000,1989,255,3.615
1000000,1990,255,3.565
1000000,1991,255,4.091
1000000,1992,255,18.474
1000000,1993,255,4.598
1000000,1994,255,3.869
1000000,1995,255,4.762
1000000,1996,255,3.726
1000000,1997,255,3.670
1000000,1998,255,3.569
1000000,1999,255,3.497
1000000,2000,255,3.580
1000000,2001,255,40.867
1000000,2002,255,6.999
1000000,2003,255,6.744
1000000,2004,255,6.443
1000000,2005,255,3.974
1000000,2006,255,3.837
1000000,2007,255,3.708
1000000,2008,255,8.279
1000000,2009,255,3.987
1000000,2010,255,3.706
1000000,2011,255,3.701
1000000,2012,255,3.768
1000000,2013,255,3.950
1000000,2014,255,4.104
1000000,2015,255,19.690
1000000,2016,255,4.540
1000000,2017,255,4.014
1000000,2018,255,3.716
1000000,2019,255,3.902
1000000,2020,255,3.839
1000000,2021,255,3.709
1000000,2022,255,3.682
1000000,2023,255,3.608
1000000,2024,255,3.739
1000000,2025,255,8.743
1000000,2026,255,6.353
1000000,2027,255,4.100
1000000,2028,255,3.696
1000000,2029,255,3.672
1000000,2030,255,3.678
1000000,2031,255,4.042
1000000,2032,255,3.777
1000000,2033,255,3.904
1000000,2034,255,4.283
1000000,2035,255,3.696
1000000,2036,255,4.781
1000000,2037,255,16.079
1000000,2038,255,4.645
1000000,2039,255,4.324
1000000,2040,255,3.940
1000000,2041,255,3.726
1000000,2042,255,4.216
1000000,2043,255,3.902
1000000,2044,255,3.796
1000000,2045,255,3.686
1000000,2046,255,3.596
1000000,2047,255,11.252
1000000,2048,255,5.340
1000000,2049,255,4.134
1000000,2050,255,3.597
1000000,2051,255,5.906
1000000,2052,255,4.268
1000000,2053,255,3.545
1000000,2054,255,3.820
1000000,2055,255,3.514
1000000,2056,255,3.403
1000000,2057,255,3.658
1000000,2058,255,3.499
1000000,2059,255,26.899
1000000,2060,255,4.250
1000000,2061,255,3.828
1000000,2062,255,3.628
1000000,2063,255,3.581
1000000,2064,255,3.461
1000000,2065,255,4.856
1000000,2066,255,3.424
1000000,2067,255,3.870
1000000,2068,255,3.340
1000000,2069,255,4.352
1000000,2070,255,4.971
1000000,2071,255,6.931
1000000,2072,255,3.746
1000000,2073,255,3.730
1000000,2074,255,3.551
1000000,2075,255,3.688
1000000,2076,255,3.543
1000000,2077,255,3.951
1000000,2078,255,3.538
1000000,2079,255,3.619
1000000,2080,255,3.570
1000000,2081,255,6.115
1000000,2082,255,2.337
1000000,2083,255,1.568
1000000,2084,255,1.503
1000000,2085,255,1.398
1000000,2086,255,1.372
1000000,2087,255,1.374
1000000,2088,255,1.757
1000000,2089,255,1.408
1000000,2090,255,1.430
1000000,2091,255,1.452
1000000,2092,255,1.382
1000000,2093,255,1.471
1000000,2094,255,1.710
1000000,2095,255,1.452
1000000,2096,255,1.377
1000000,2097,255,1.372
1000000,2098,255,1.353
1000000,2099,255,1.528
1000000,2100,255,1.448
1000000,2101,255,1.378
1000000,2102,255,1.354
1000000,2103,255,12.515
1000000,2104,255,2.993
1000000,2105,255,2.473
1000000,2106,255,2.060
1000000,2107,255,2.006
1000000,2108,255,11.489
1000000,2109,255,2.539
1000000,2110,255,2.282
1000000,2111,255,4.190
1000000,2112,255,2.027
1000000,2113,255,3.648
1000000,2114,255,3.032
1000000,2115,255,7.975
1000000,2116,255,2.255
1000000,2117,255,4.677
1000000,2118,255,2.197
1000000,2119,255,2.547
1000000,2120,255,2.002
1000000,2121,255,2.869
1000000,2122,210,7.136
1000000,2123,255,310177.475
1000000,2124,255,42.037
1000000,2125,255,35.146
1000000,2126,255,23.142
1000000,2127,255,14.785
1000000,2128,255,6.830
1000000,2129,255,5.959
1000000,2130,255,5.658
1000000,2131,255,6.034
1000000,2132,255,5.391
1000000,2133,255,5.594
1000000,2134,255,6.182
1000000,2135,255,4.185
1000000,2136,255,3.585
1000000,2137,255,3.549
1000000,2138,255,3.568
1000000,2139,255,3.677
1000000,2140,255,4.075
1000000,2141,255,3.549
1000000,2142,255,3.506
1000000,2143,255,3.533
1000000,2144,255,3.483
1000000,2145,255,3.784
1000000,2146,255,3.713
1000000,2147,255,3.567
1000000,2148,255,18.038
1000000,2149,255,4.042
1000000,2150,255,3.533
1000000,2151,255,3.896
1000000,2152,255,3.546
1000000,2153,255,3.492
1000000,2154,255,3.509
1000000,2155,255,3.473
1000000,2156,255,3.502
1000000,2157,255,3.720
1000000,2158,255,13.788
1000000,2159,255,4.336
1000000,2160,255,3.812
1000000,2161,255,3.713
1000000,2162,255,3.576
1000000,2163,255,4.592
1000000,2164,255,3.696
1000000,2165,255,8.401
1000000,2166,255,4.463
1000000,2167,255,4.355
1000000,2168,255,4.521
1000000,2169,255,3.824
1000000,2170,255,32.299
1000000,2171,255,8.774
1000000,2172,255,5.626
1000000,2173,255,5.595
1000000,2174,255,6.035
1000000,2175,255,5.956
1000000,2176,255,5.714
1000000,2177,255,5.487
1000000,2178,255,6.479
1000000,2179,255,6.142
1000000,2180,255,18.941
1000000,2181,255,6.247
1000000,2182,255,5.970
1000000,2183,255,6.136
1000000,2184,255,6.162
1000000,2185,255,24.330
1000000,2186,255,31.352
1000000,2187,255,4.309
1000000,2188,255,3.595
1000000,2189,255,3.444
1000000,2190,255,3.524
1000000,2191,255,4.102
1000000,2192,255,17.108
1000000,2193,255,3.907
1000000,2194,255,3.481
1000000,2195,255,3.480
1000000,2196,255,3.507
1000000,2197,255,3.738
1000000,2198,255,3.614
1000000,2199,255,3.516
1000000,2200,255,3.524
1000000,2201,255,5.756
1000000,2202,255,4.982
1000000,2203,255,6.051
1000000,2204,255,5.667
1000000,2205,255,3.869
1000000,2206,255,3.499
1000000,2207,255,3.532
1000000,2208,255,3.971
1000000,2209,255,3.608
1000000,2210,255,3.507
1000000,2211,255,3.521
1000000,2212,255,3.496
1000000,2213,255,3.438
1000000,2214,255,59.636
1000000,2215,255,6.529
1000000,2216,255,3.756
1000000,2217,255,3.589
1000000,2218,255,3.601
1000000,2219,255,3.661
1000000,2220,255,3.867
1000000,2221,255,3.479
1000000,2222,255,3.479
1000000,2223,255,3.635
1000000,2224,255,3.526
1000000,2225,255,3.483
1000000,2226,15,9.134
1000000,2227,255,3451.812
1000000,2228,255,17.012
1000000,2229,255,3.708
1000000,2230,255,3.513
1000000,2231,255,3.507
1000000,2232,255,3.787
1000000,2233,255,3.518
1000000,2234,255,3.488
1000000,2235,255,3.484
1000000,2236,255,15.998
1000000,2237,255,4.328
1000000,2238,255,4.156
1000000,2239,255,3.656
1000000,2240,255,3.623
1000000,2241,255,3.529
1000000,2242,255,3.549
1000000,2243,255,3.601
1000000,2244,255,3.959
1000000,2245,255,3.502
1000000,2246,255,3.630
1000000,2247,255,3.586
1000000,2248,255,3.596
1000000,2249,255,3.875
1000000,2250,255,3.920
1000000,2251,255,3.720
1000000,2252,255,3.535
1000000,2253,255,3.710
1000000,2254,255,3.588
1000000,2255,255,4.127
1000000,2256,255,21.963
1000000,2257,255,4.422
1000000,2258,255,40.814
1000000,2259,255,5.116
1000000,2260,255,1.206
1000000,2261,255,1.382
1000000,2262,255,1.090
1000000,2263,255,1.077
1000000,2264,255,1.074
1000000,2265,255,1.068
1000000,2266,255,1.084
1000000,2267,255,1.326
1000000,2268,255,1.159
1000000,2269,255,1.198
1000000,2270,255,1.117
1000000,2271,255,1.127
1000000,2272,255,1.165
1000000,2273,255,1.120
1000000,2274,255,1.084
1000000,2275,255,1.122
1000000,2276,255,1.145
1000000,2277,255,1.086
1000000,2278,255,1.808
1000000,2279,255,1.118
1000000,2280,255,9.799
1000000,2281,255,1.552
1000000,2282,255,1.718
1000000,2283,255,1.086
1000000,2284,255,1.308
1000000,2285,255,1.118
1000000,2286,255,1.125
1000000,2287,255,1.114
1000000,2288,255,1.110
1000000,2289,255,1.536
1000000,2290,255,1.143
1000000,2291,255,1.106
1000000,2292,255,1.104
1000000,2293,255,1.073
1000000,2294,255,1.105
1000000,2295,255,1.394
1000000,2296,255,1.152
1000000,2297,255,1.096
1000000,2298,255,1.115
1000000,2299,255,1.105
1000000,2300,255,1.100
1000000,2301,255,1.246
1000000,2302,255,1.116
1000000,2303,255,24.088
1000000,2304,255,4.289
1000000,2305,255,3.666
1000000,2306,255,3.583
1000000,2307,255,3.962
1000000,2308,255,3.610
1000000,2309,255,3.580
1000000,2310,255,3.589
1000000,2311,255,3.599
1000000,2312,255,3.867
1000000,2313,255,3.687
1000000,2314,255,3.762
1000000,2315,255,3.480
1000000,2316,255,3.543
1000000,2317,255,3.453
1000000,2318,255,4.464
1000000,2319,255,3.814
1000000,2320,255,3.602
1000000,2321,255,3.512
1000000,2322,255,3.595
1000000,2323,255,3.554
1000000,2324,255,3.997
1000000,2325,255,19.211
1000000,2326,255,4.530
1000000,2327,255,3.697
1000000,2328,255,3.646
1000000,2329,255,3.673
1000000,2330,15,12.758
1000000,2331,255,16802.967
1000000,2332,255,28.450
1000000,2333,255,4.285
1000000,2334,255,3.790
1000000,2335,255,3.607
1000000,2336,255,3.884
1000000,2337,255,3.592
1000000,2338,255,3.493
1000000,2339,255,3.473
1000000,2340,255,3.500
1000000,2341,255,19.976
1000000,2342,255,7.687
1000000,2343,255,5.973
1000000,2344,255,5.346
1000000,2345,255,5.843
1000000,2346,255,5.525
1000000,2347,255,18.658
1000000,2348,255,8.081
1000000,2349,255,5.983
1000000,2350,255,5.484
1000000,2351,255,5.573
1000000,2352,255,5.340
1000000,2353,255,5.781
1000000,2354,255,5.252
1000000,2355,255,6.015
1000000,2356,255,5.343
1000000,2357,255,5.197
1000000,2358,255,5.700
1000000,2359,255,6.145
1000000,2360,255,5.669
1000000,2361,255,5.543
1000000,2362,255,5.594
1000000,2363,255,5.299
1000000,2364,255,5.403
1000000,2365,255,5.440
1000000,2366,255,5.912
1000000,2367,255,5.728
1000000,2368,255,5.374
1000000,2369,255,27.504
1000000,2370,255,7.659
1000000,2371,255,47.254
1000000,2372,255,5.913
1000000,2373,255,5.625
1000000,2374,255,5.908
1000000,2375,255,5.570
1000000,2376,255,6.524
1000000,2377,255,5.541
1000000,2378,255,6.071
1000000,2379,255,5.871
1000000,2380,255,5.493
1000000,2381,255,5.187
1000000,2382,135,15.136
1000000,2383,255,13912.181
1000000,2384,255,34.486
1000000,2385,255,6.950
1000000,2386,255,5.149
1000000,2387,255,5.058
1000000,2388,255,5.666
1000000,2389,255,9.480
1000000,2390,255,15.730
1000000,2391,255,23.625
1000000,2392,255,7.502
1000000,2393,255,5.392
1000000,2394,255,6.188
1000000,2395,255,8.043
1000000,2396,255,5.619
1000000,2397,255,5.634
1000000,2398,255,5.551
1000000,2399,255,5.297
1000000,2400,255,5.967
1000000,2401,255,5.349
1000000,2402,255,5.185
1000000,2403,255,5.577
1000000,2404,255,5.214
1000000,2405,255,5.204
1000000,2406,255,5.441
1000000,2407,255,5.424
1000000,2408,255,5.470
1000000,2409,255,5.331
1000000,2410,255,5.441
1000000,2411,255,5.773
1000000,2412,255,5.331
1000000,2413,255,22.597
1000000,2414,255,7.057
1000000,2415,255,5.941
1000000,2416,255,5.607
1000000,2417,255,6.358
1000000,2418,255,5.522
1000000,2419,255,5.493
1000000,2420,255,5.876
1000000,2421,255,5.546
1000000,2422,255,5.618
1000000,2423,255,5.781
1000000,2424,255,10.411
1000000,2425,255,5.620
1000000,2426,255,5.712
1000000,2427,255,5.657
1000000,2428,255,6.338
1000000,2429,255,5.364
1000000,2430,255,5.410
1000000,2431,255,6.247
1000000,2432,255,5.652
1000000,2433,255,5.865
1000000,2434,255,6.841
1000000,2435,255,25.711
1000000,2436,255,8.111
1000000,2437,255,5.694
1000000,2438,255,5.619
1000000,2439,255,5.571
1000000,2440,255,6.075
1000000,2441,255,5.451
1000000,2442,255,5.392
1000000,2443,255,5.695
1000000,2444,255,5.512
1000000,2445,255,5.561
1000000,2446,255,16.249
1000000,2447,255,5.563
1000000,2448,255,5.639
1000000,2449,255,5.494
1000000,2450,255,5.592
1000000,2451,255,5.805
1000000,2452,255,5.635
1000000,2453,255,5.514
1000000,2454,255,5.516
1000000,2455,255,5.528
1000000,2456,255,5.519
1000000,2457,255,6.229
1000000,2458,255,21.014
1000000,2459,255,6.633
1000000,2460,255,5.431
1000000,2461,255,5.646
1000000,2462,255,5.468
1000000,2463,255,5.891
1000000,2464,255,5.556
1000000,2465,255,6.151
1000000,2466,255,5.549
1000000,2467,255,5.737
1000000,2468,255,5.711
1000000,2469,255,5.602
1000000,2470,255,5.547
1000000,2471,255,5.472
1000000,2472,255,5.193
1000000,2473,255,5.305
1000000,2474,255,6.216
1000000,2475,255,5.553
1000000,2476,255,5.460
1000000,2477,255,5.360
1000000,2478,255,5.356
1000000,2479,255,5.308
1000000,2480,255,21.053
1000000,2481,255,6.437
1000000,2482,255,10.407
1000000,2483,255,7.663
1000000,2484,255,5.688
1000000,2485,255,5.494
1000000,2486,255,6.445
1000000,2487,255,5.588
1000000,2488,255,5.814
1000000,2489,255,5.436
1000000,2490,255,5.850
1000000,2491,255,6.295
1000000,2492,255,5.640
1000000,2493,255,5.831
1000000,2494,255,5.659
1000000,2495,255,5.775
1000000,2496,255,5.586
1000000,2497,255,6.693
1000000,2498,255,5.726
1000000,2499,255,5.723
1000000,2500,255,5.761
1000000,2501,255,5.513
1000000,2502,255,20.369
1000000,2503,255,8.004
1000000,2504,255,6.700
1000000,2505,255,6.039
1000000,2506,255,6.317
1000000,2507,255,5.716
1000000,2508,255,6.089
1000000,2509,255,6.514
1000000,2510,255,5.587
1000000,2511,255,5.950
1000000,2512,255,5.717
1000000,2513,255,5.785
1000000,2514,255,5.886
1000000,2515,255,5.714
1000000,2516,255,5.595
1000000,2517,255,5.685
1000000,2518,255,5.634
1000000,2519,255,5.504
1000000,2520,105,29.978
1000000,2521,255,379229.963
1000000,2522,255,48.621
1000000,2523,255,10.435
1000000,2524,255,19.223
1000000,2525,255,3.709
1000000,2526,255,3.524
1000000,2527,255,3.241
1000000,2528,255,3.195
1000000,2529,255,3.292
1000000,2530,255,3.202
1000000,2531,255,3.135
1000000,2532,255,24.045
1000000,2533,255,3.346
1000000,2534,255,2.861
1000000,2535,255,2.702
1000000,2536,255,2.770
1000000,2537,255,2.749
1000000,2538,255,3.149
1000000,2539,255,2.738
1000000,2540,255,2.717
1000000,2541,255,2.752
1000000,2542,255,2.740
1000000,2543,255,2.952
1000000,2544,255,2.806
1000000,2545,255,2.745
1000000,2546,255,18.830
1000000,2547,255,3.822
1000000,2548,255,3.389
1000000,2549,255,3.695
1000000,2550,255,3.313
1000000,2551,255,3.220
1000000,2552,255,3.248
1000000,2553,255,3.424
1000000,2554,255,3.190
1000000,2555,255,3.508
1000000,2556,255,3.231
1000000,2557,255,3.305
1000000,2558,255,3.217
1000000,2559,255,3.158
1000000,2560,255,3.658
1000000,2561,255,3.869
1000000,2562,255,3.290
1000000,2563,255,3.168
1000000,2564,255,3.402
1000000,2565,255,3.330
1000000,2566,255,3.536
1000000,2567,255,3.192
1000000,2568,255,16.623
1000000,2569,255,5.999
1000000,2570,255,5.265
1000000,2571,255,4.887
1000000,2572,255,5.372
1000000,2573,255,4.910
1000000,2574,255,4.998
1000000,2575,255,5.067
1000000,2576,255,4.969
1000000,2577,255,4.516
1000000,2578,255,5.362
1000000,2579,255,5.110
1000000,2580,255,4.874
1000000,2581,255,5.235
1000000,2582,255,4.988
1000000,2583,255,4.973
1000000,2584,255,5.080
1000000,2585,255,4.913
1000000,2586,255,5.096
1000000,2587,255,5.537
1000000,2588,255,5.341
1000000,2589,255,8.923
1000000,2590,255,17.197
1000000,2591,255,4.230
1000000,2592,255,4.033
1000000,2593,255,3.553
1000000,2594,255,3.326
1000000,2595,255,3.505
1000000,2596,255,3.378
1000000,2597,255,3.353
1000000,2598,255,3.367
1000000,2599,255,3.552
1000000,2600,255,3.492
1000000,2601,255,4.449
1000000,2602,255,4.192
1000000,2603,255,3.440
1000000,2604,255,3.432
1000000,2605,255,3.229
1000000,2606,255,4.648
1000000,2607,255,4.151
1000000,2608,255,3.631
1000000,2609,255,4.774
1000000,2610,255,3.552
1000000,2611,255,5.048
1000000,2612,255,4.497
1000000,2613,255,35.562
1000000,2614,255,19.285
1000000,2615,255,4.113
1000000,2616,255,3.586
1000000,2617,255,3.516
1000000,2618,255,4.075
1000000,2619,255,3.525
1000000,2620,255,4.974
1000000,2621,255,3.515
1000000,2622,255,3.502
1000000,2623,255,3.480
1000000,2624,255,12.433
1000000,2625,255,3.454
1000000,2626,255,3.555
1000000,2627,255,3.481
1000000,2628,255,3.425
1000000,2629,255,4.085
1000000,2630,255,3.618
1000000,2631,255,3.471
1000000,2632,255,3.422
1000000,2633,255,3.454
1000000,2634,255,3.419
1000000,2635,255,28.148
1000000,2636,255,8.916
1000000,2637,255,5.373
1000000,2638,255,5.881
1000000,2639,255,5.256
1000000,2640,255,5.668
1000000,2641,255,6.799
1000000,2642,255,5.848
1000000,2643,255,5.600
1000000,2644,255,5.662
1000000,2645,255,5.250
1000000,2646,255,6.459
1000000,2647,255,5.390
1000000,2648,255,5.601
1000000,2649,255,5.623
1000000,2650,255,5.423
1000000,2651,255,5.312
1000000,2652,255,6.031
1000000,2653,255,5.516
1000000,2654,255,5.588
1000000,2655,255,5.276
1000000,2656,255,5.246
1000000,2657,255,104.076
1000000,2658,255,4.499
1000000,2659,255,1.169
1000000,2660,255,1.370
1000000,2661,255,1.115
1000000,2662,255,1.111
1000000,2663,255,1.095
1000000,2664,255,1.506
1000000,2665,255,1.170
1000000,2666,255,1.100
1000000,2667,255,1.056
1000000,2668,255,0.992
1000000,2669,255,1.255
1000000,2670,255,1.031
1000000,2671,255,0.966
1000000,2672,255,0.987
1000000,2673,255,0.992
1000000,2674,255,0.987
1000000,2675,255,1.176
1000000,2676,255,0.986
1000000,2677,255,0.983
1000000,2678,255,0.989
1000000,2679,255,6.702
1000000,2680,255,1.726
1000000,2681,255,1.716
1000000,2682,255,1.432
1000000,2683,255,1.416
1000000,2684,255,1.459
1000000,2685,255,1.413
1000000,2686,255,1.507
1000000,2687,255,2.082
1000000,2688,255,1.413
1000000,2689,255,1.407
1000000,2690,255,1.404
1000000,2691,255,1.374
1000000,2692,255,1.556
1000000,2693,255,1.444
1000000,2694,255,1.408
1000000,2695,255,1.380
1000000,2696,255,1.404
1000000,2697,255,1.420
1000000,2698,255,1.823
1000000,2699,255,1.405
1000000,2700,255,1.414
1000000,2701,255,14.290
1000000,2702,255,3.983
1000000,2703,255,19.345
1000000,2704,255,7.430
1000000,2705,255,5.173
1000000,2706,255,5.155
1000000,2707,255,4.855
1000000,2708,255,5.009
1000000,2709,255,5.326
1000000,2710,255,5.164
1000000,2711,255,5.052
1000000,2712,255,4.643
1000000,2713,255,4.860
1000000,2714,255,5.034
1000000,2715,255,6.035
1000000,2716,255,4.957
1000000,2717,255,4.806
1000000,2718,255,4.943
1000000,2719,255,4.724
1000000,2720,255,4.760
1000000,2721,255,5.802
1000000,2722,255,4.843
1000000,2723,255,5.139
1000000,2724,255,15.459
1000000,2725,255,6.232
1000000,2726,255,5.471
1000000,2727,255,15.543
1000000,2728,255,5.159
1000000,2729,255,6.401
1000000,2730,255,4.915
1000000,2731,255,4.925
1000000,2732,255,5.116
1000000,2733,255,5.071
1000000,2734,255,4.919
1000000,2735,255,5.105
1000000,2736,255,5.086
1000000,2737,255,5.432
1000000,2738,255,62.906
1000000,2739,255,9.754
1000000,2740,255,6.003
1000000,2741,255,5.311
1000000,2742,255,5.161
1000000,2743,255,5.105
1000000,2744,255,8.655
1000000,2745,255,5.380
1000000,2746,255,16.525
1000000,2747,255,6.353
1000000,2748,255,4.903
1000000,2749,255,5.054
1000000,2750,255,5.708
1000000,2751,255,5.150
1000000,2752,255,5.060
1000000,2753,255,5.004
1000000,2754,255,4.946
1000000,2755,255,5.848
1000000,2756,255,5.078
1000000,2757,255,4.987
1000000,2758,255,4.910
1000000,2759,255,4.906
1000000,2760,255,14.299
1000000,2761,255,17.423
1000000,2762,255,8.550
1000000,2763,255,5.045
1000000,2764,255,5.019
1000000,2765,255,4.810
1000000,2766,255,4.919
1000000,2767,255,5.810
1000000,2768,255,29.903
1000000,2769,255,11.233
1000000,2770,255,10.445
1000000,2771,255,5.287
1000000,2772,255,5.300
1000000,2773,255,4.851
1000000,2774,255,4.751
1000000,2775,255,4.989
1000000,2776,255,5.001
1000000,2777,255,4.863
1000000,2778,255,5.433
1000000,2779,255,4.879
1000000,2780,255,4.712
1000000,2781,255,4.602
1000000,2782,255,4.726
1000000,2783,255,5.007
1000000,2784,255,5.578
1000000,2785,255,5.145
1000000,2786,255,4.752
1000000,2787,255,4.749
1000000,2788,255,4.937
1000000,2789,255,4.904
1000000,2790,255,26.752
1000000,2791,255,4.587
1000000,2792,255,3.423
1000000,2793,255,3.265
1000000,2794,255,3.291
1000000,2795,255,3.480
1000000,2796,255,3.379
1000000,2797,255,3.271
1000000,2798,255,16.088
1000000,2799,255,3.874
1000000,2800,255,3.466
1000000,2801,255,3.804
1000000,2802,255,3.379
1000000,2803,255,3.218
1000000,2804,255,3.301
1000000,2805,255,3.295
1000000,2806,255,3.245
1000000,2807,255,3.501
1000000,2808,255,3.289
1000000,2809,255,3.309
1000000,2810,255,3.302
1000000,2811,255,3.312
1000000,2812,255,20.907
1000000,2813,255,4.530
1000000,2814,255,3.295
1000000,2815,255,3.261
1000000,2816,255,3.247
1000000,2817,255,3.428
1000000,2818,255,3.648
1000000,2819,255,3.489
1000000,2820,255,3.303
1000000,2821,255,3.300
1000000,2822,255,3.289
1000000,2823,255,3.130
1000000,2824,255,3.585
1000000,2825,255,3.261
1000000,2826,255,3.283
1000000,2827,255,3.170
1000000,2828,255,3.227
1000000,2829,255,3.232
1000000,2830,255,3.983
1000000,2831,255,3.198
1000000,2832,255,3.234
1000000,2833,255,3.243
1000000,2834,255,15.874
1000000,2835,255,6.220
1000000,2836,255,3.802
1000000,2837,255,3.315
1000000,2838,255,3.472
1000000,2839,255,3.316
1000000,2840,255,3.382
1000000,2841,255,3.749
1000000,2842,255,3.392
1000000,2843,255,3.289
1000000,2844,255,3.279
1000000,2845,255,3.400
1000000,2846,255,3.268
1000000,2847,255,3.910
1000000,2848,255,3.453
1000000,2849,255,3.396
1000000,2850,255,3.367
1000000,2851,255,3.313
1000000,2852,255,3.367
1000000,2853,255,3.677
1000000,2854,255,3.423
1000000,2855,255,3.433
1000000,2856,255,3.406
1000000,2857,255,18.395
1000000,2858,255,7.476
1000000,2859,255,5.361
1000000,2860,255,5.612
1000000,2861,255,4.957
1000000,2862,255,4.971
1000000,2863,255,5.106
1000000,2864,255,5.234
1000000,2865,255,5.171
1000000,2866,255,5.149
1000000,2867,255,8.666
1000000,2868,255,4.887
1000000,2869,255,4.808
1000000,2870,255,9.595
1000000,2871,255,5.002
1000000,2872,255,4.926
1000000,2873,255,5.192
1000000,2874,255,4.997
1000000,2875,255,5.156
1000000,2876,255,5.234
1000000,2877,255,5.156
1000000,2878,255,5.017
1000000,2879,255,7.225
1000000,2880,255,1.415
1000000,2881,255,1.475
1000000,2882,255,1.195
1000000,2883,255,1.143
1000000,2884,255,1.160
1000000,2885,255,1.154
1000000,2886,255,1.157
1000000,2887,255,1.322
1000000,2888,255,1.175
1000000,2889,255,1.168
1000000,2890,255,1.197
1000000,2891,255,1.160
1000000,2892,255,1.169
1000000,2893,255,1.383
1000000,2894,255,1.195
1000000,2895,255,1.156
1000000,2896,255,1.159
1000000,2897,255,1.165
1000000,2898,255,1.359
1000000,2899,255,1.183
1000000,2900,255,1.280
1000000,2901,255,4.485
1000000,2902,255,1.413
1000000,2903,255,1.252
1000000,2904,255,1.484
1000000,2905,255,1.208
1000000,2906,255,1.244
1000000,2907,255,1.210
1000000,2908,255,1.300
1000000,2909,255,1.207
1000000,2910,255,1.624
1000000,2911,255,1.177
1000000,2912,255,1.169
1000000,2913,255,1.173
1000000,2914,255,1.137
1000000,2915,255,1.141
1000000,2916,255,1.390
1000000,2917,255,1.254
1000000,2918,255,1.180
1000000,2919,255,1.134
1000000,2920,255,1.135
1000000,2921,255,1.276
1000000,2922,255,1.176
1000000,2923,255,17.716
1000000,2924,255,5.035
1000000,2925,255,3.863
1000000,2926,255,3.761
1000000,2927,255,4.208
1000000,2928,255,3.862
1000000,2929,255,3.679
1000000,2930,255,3.937
1000000,2931,255,3.665
1000000,2932,255,3.691
1000000,2933,255,4.437
1000000,2934,255,3.650
1000000,2935,255,3.433
1000000,2936,255,3.453
1000000,2937,255,6.884
1000000,2938,255,5.135
1000000,2939,255,4.674
1000000,2940,255,5.078
1000000,2941,255,4.948
1000000,2942,255,5.084
1000000,2943,255,4.903
1000000,2944,255,5.437
1000000,2945,255,5.107
1000000,2946,255,16.514
1000000,2947,255,22.071
1000000,2948,255,6.015
1000000,2949,255,4.908
1000000,2950,255,6.599
1000000,2951,255,6.277
1000000,2952,255,5.032
1000000,2953,255,5.514
1000000,2954,255,5.243
1000000,2955,255,4.780
1000000,2956,255,6.520
1000000,2957,255,5.910
1000000,2958,255,6.597
1000000,2959,255,5.081
1000000,2960,255,5.166
1000000,2961,255,5.519
1000000,2962,255,5.268
1000000,2963,255,4.976
1000000,2964,255,5.199
1000000,2965,255,6.168
1000000,2966,255,5.214
1000000,2967,255,5.496
1000000,2968,255,19.027
1000000,2969,255,6.556
1000000,2970,255,5.675
1000000,2971,255,5.939
1000000,2972,255,5.292
1000000,2973,255,6.258
1000000,2974,255,5.430
1000000,2975,255,5.165
1000000,2976,255,5.414
1000000,2977,255,5.490
1000000,2978,255,5.199
1000000,2979,255,10.480
1000000,2980,255,6.073
1000000,2981,255,5.662
1000000,2982,255,5.259
1000000,2983,255,5.049
1000000,2984,255,6.019
1000000,2985,255,5.362
1000000,2986,255,5.159
1000000,2987,255,4.771
1000000,2988,255,120.329
1000000,2989,255,6.141
1000000,2990,255,18.713
1000000,2991,255,6.656
1000000,2992,255,5.316
1000000,2993,255,5.424
1000000,2994,255,5.585
1000000,2995,255,5.091
1000000,2996,255,21.399
1000000,2997,255,5.329
1000000,2998,255,4.885
1000000,2999,255,5.230
1000000,3000,255,4.921
1000000,3001,255,5.658
1000000,3002,255,5.145
1000000,3003,255,5.079
1000000,3004,255,5.126
1000000,3005,255,4.818
1000000,3006,255,5.092
1000000,3007,255,5.208
1000000,3008,255,7.225
1000000,3009,255,8.736
1000000,3010,255,5.027
1000000,3011,255,6.996
1000000,3012,255,18.096
1000000,3013,255,8.465
1000000,3014,255,5.671
1000000,3015,255,5.493
1000000,3016,255,11.490
1000000,3017,255,5.170
1000000,3018,255,4.962
1000000,3019,30,67.752
1000000,3020,255,18017.653
1000000,3021,255,21.564
1000000,3022,255,1.618
1000000,3023,255,1.307
1000000,3024,255,1.279
1000000,3025,255,1.882
1000000,3026,255,1.296
1000000,3027,255,1.262
1000000,3028,255,1.256
1000000,3029,255,1.264
1000000,3030,255,1.254
1000000,3031,255,1.523
1000000,3032,255,5.024
1000000,3033,255,1.372
1000000,3034,255,16.451
1000000,3035,255,3.972
1000000,3036,255,3.523
1000000,3037,255,3.630
1000000,3038,255,3.093
1000000,3039,255,8.037
1000000,3040,255,3.259
1000000,3041,255,3.170
1000000,3042,255,3.611
1000000,3043,255,3.340
1000000,3044,255,3.296
1000000,3045,255,4.797
1000000,3046,255,4.684
1000000,3047,255,4.918
1000000,3048,255,3.549
1000000,3049,255,3.383
1000000,3050,255,3.371
1000000,3051,255,3.171
1000000,3052,255,3.146
1000000,3053,255,3.157
1000000,3054,255,3.558
1000000,3055,255,3.147
1000000,3056,255,6.611
1000000,3057,255,1.738
1000000,3058,255,1.337
1000000,3059,255,1.385
1000000,3060,255,1.543
1000000,3061,255,1.360
1000000,3062,255,1.339
1000000,3063,255,1.361
1000000,3064,255,1.351
1000000,3065,255,1.745
1000000,3066,255,1.361
1000000,3067,255,1.366
1000000,3068,255,1.419
1000000,3069,255,1.353
1000000,3070,255,1.351
1000000,3071,255,1.616
1000000,3072,255,1.494
1000000,3073,255,1.466
1000000,3074,255,1.350
1000000,3075,255,1.351
1000000,3076,255,1.340
1000000,3077,255,1.471
1000000,3078,255,6.675
1000000,3079,255,1.655
1000000,3080,255,1.533
1000000,3081,255,1.472
1000000,3082,255,1.473
1000000,3083,255,1.433
1000000,3084,255,4.930
1000000,3085,255,1.755
1000000,3086,255,1.526
1000000,3087,255,1.500
1000000,3088,255,1.577
1000000,3089,255,1.394
1000000,3090,255,1.337
1000000,3091,255,1.362
1000000,3092,255,1.357
1000000,3093,255,1.376
1000000,3094,255,4.814
1000000,3095,255,1.485
1000000,3096,255,1.348
1000000,3097,255,1.364
1000000,3098,255,1.394
1000000,3099,255,1.345
1000000,3100,255,1.480
1000000,3101,255,6.436
1000000,3102,255,1.590
1000000,3103,255,1.436
1000000,3104,255,1.438
1000000,3105,255,1.651
1000000,3106,255,1.390
1000000,3107,255,1.312
1000000,3108,255,1.397
1000000,3109,255,1.317
1000000,3110,255,1.310
1000000,3111,255,1.496
1000000,3112,255,1.369
1000000,3113,255,1.323
1000000,3114,255,1.303
1000000,3115,255,1.334
1000000,3116,255,1.330
1000000,3117,255,1.519
1000000,3118,255,1.327
1000000,3119,255,1.351
1000000,3120,255,1.349
1000000,3121,255,1.333
1000000,3122,255,1.321
1000000,3123,255,6.540
1000000,3124,255,1.564
1000000,3125,255,1.402
1000000,3126,255,1.299
1000000,3127,255,1.248
1000000,3128,255,1.433
1000000,3129,255,1.247
1000000,3130,255,1.257
1000000,3131,255,1.227
1000000,3132,255,1.225
1000000,3133,255,4.994
1000000,3134,255,2.960
1000000,3135,255,3.648
1000000,3136,255,1.438
1000000,3137,255,1.329
1000000,3138,255,1.843
1000000,3139,255,8.637
1000000,3140,255,2.491
1000000,3141,255,3.541
1000000,3142,255,1.338
1000000,3143,255,1.982
1000000,3144,255,1.332
1000000,3145,255,6.701
1000000,3146,255,1.700
1000000,3147,255,1.401
1000000,3148,255,1.307
1000000,3149,255,1.297
1000000,3150,255,1.260
1000000,3151,255,1.545
1000000,3152,255,1.295
1000000,3153,255,1.286
1000000,3154,255,1.349
1000000,3155,255,1.280
1000000,3156,255,1.284
1000000,3157,255,1.510
1000000,3158,255,1.279
1000000,3159,255,1.275
1000000,3160,255,1.287
1000000,3161,255,1.274
1000000,3162,255,1.243
1000000,3163,255,1.593
1000000,3164,255,1.368
1000000,3165,255,1.273
1000000,3166,255,1.259
1000000,3167,255,5.999
1000000,3168,255,1.822
1000000,3169,255,1.497
1000000,3170,255,1.335
1000000,3171,255,1.269
1000000,3172,255,1.240
1000000,3173,255,1.219
1000000,3174,255,1.383
1000000,3175,255,1.257
1000000,3176,255,1.244
1000000,3177,255,1.242
1000000,3178,255,1.227
1000000,3179,255,1.231
1000000,3180,255,1.463
1000000,3181,255,1.309
1000000,3182,255,1.358
1000000,3183,255,1.231
1000000,3184,255,1.236
1000000,3185,255,1.232
1000000,3186,255,1.532
1000000,3187,255,1.266
1000000,3188,255,1.226
1000000,3189,255,1.224
1000000,3190,255,6.375
1000000,3191,255,1.687
1000000,3192,255,1.434
1000000,3193,255,1.237
1000000,3194,255,1.191
1000000,3195,255,1.212
1000000,3196,255,1.215
1000000,3197,255,1.531
1000000,3198,255,1.268
1000000,3199,255,1.275
1000000,3200,255,1.247
1000000,3201,255,1.256
1000000,3202,255,1.299
1000000,3203,255,2.275
1000000,3204,255,1.290
1000000,3205,255,1.251
1000000,3206,255,1.265
1000000,3207,255,1.269
1000000,3208,255,1.405
1000000,3209,255,1.294
1000000,3210,255,1.272
1000000,3211,255,1.259
1000000,3212,255,8.587
1000000,3213,255,4.930
1000000,3214,255,1.834
1000000,3215,255,1.472
1000000,3216,255,1.286
1000000,3217,255,1.282
1000000,3218,255,1.236
1000000,3219,255,1.267
1000000,3220,255,1.363
1000000,3221,255,1.344
1000000,3222,255,1.387
1000000,3223,255,1.267
1000000,3224,255,1.267
1000000,3225,255,1.263
1000000,3226,255,1.417
1000000,3227,255,1.297
1000000,3228,255,1.287
1000000,3229,255,1.316
1000000,3230,255,1.283
1000000,3231,255,1.335
1000000,3232,255,1.318
1000000,3233,255,1.295
1000000,3234,255,12.823
1000000,3235,255,3.559
1000000,3236,255,2.103
1000000,3237,255,2.346
1000000,3238,255,2.159
1000000,3239,255,2.089
1000000,3240,255,2.100
1000000,3241,255,2.142
1000000,3242,255,1.970
1000000,3243,255,2.902
1000000,3244,255,2.022
1000000,3245,255,2.065
1000000,3246,255,2.081
1000000,3247,255,2.050
1000000,3248,255,2.111
1000000,3249,255,2.514
1000000,3250,255,2.028
1000000,3251,255,2.117
1000000,3252,255,2.087
1000000,3253,255,2.027
1000000,3254,255,1.963
1000000,3255,255,1.945
1000000,3256,255,8.890
1000000,3257,255,2.869
1000000,3258,255,2.106
1000000,3259,255,1.841
1000000,3260,255,8.379
1000000,3261,255,1.952
1000000,3262,255,1.934
1000000,3263,255,1.841
1000000,3264,255,1.902
1000000,3265,255,1.932
1000000,3266,255,2.224
1000000,3267,255,1.850
1000000,3268,255,1.896
1000000,3269,255,1.887
1000000,3270,255,1.849
1000000,3271,255,1.990
1000000,3272,255,1.945
1000000,3273,255,1.866
1000000,3274,255,2.847
1000000,3275,255,2.058
1000000,3276,255,2.061
1000000,3277,255,2.077
1000000,3278,255,1.820
1000000,3279,255,10.203
1000000,3280,255,2.741
1000000,3281,255,1.876
1000000,3282,255,2.072
1000000,3283,255,2.163
1000000,3284,255,1.781
1000000,3285,255,1.860
1000000,3286,255,1.881
1000000,3287,255,1.841
1000000,3288,255,1.877
1000000,3289,255,2.140
1000000,3290,255,1.815
1000000,3291,255,1.821
1000000,3292,255,1.800
1000000,3293,255,1.858
1000000,3294,255,1.895
1000000,3295,255,1.899
1000000,3296,255,2.033
1000000,3297,255,1.930
1000000,3298,255,1.631
1000000,3299,255,1.856
1000000,3300,255,2.558
1000000,3301,255,8.132
1000000,3302,255,2.202
1000000,3303,255,1.939
1000000,3304,255,1.828
1000000,3305,255,1.824
1000000,3306,255,2.047
1000000,3307,255,1.774
1000000,3308,255,1.941
1000000,3309,255,1.879
1000000,3310,255,1.942
1000000,3311,255,1.882
1000000,3312,255,2.653
1000000,3313,255,1.841
1000000,3314,255,1.796
1000000,3315,255,1.919
1000000,3316,255,1.847
1000000,3317,255,2.963
1000000,3318,255,1.788
1000000,3319,255,1.927
1000000,3320,255,1.913
1000000,3321,255,1.906
1000000,3322,255,1.812
1000000,3323,255,8.699
1000000,3324,255,2.564
1000000,3325,255,1.994
1000000,3326,255,1.838
1000000,3327,255,1.977
1000000,3328,255,1.846
1000000,3329,255,2.203
1000000,3330,255,1.874
1000000,3331,255,1.887
1000000,3332,255,1.834
1000000,3333,255,1.885
1000000,3334,255,2.134
1000000,3335,255,1.799
1000000,3336,255,1.887
1000000,3337,255,1.874
1000000,3338,255,1.854
1000000,3339,255,1.938
1000000,3340,255,2.081
1000000,3341,255,1.850
1000000,3342,255,1.912
1000000,3343,255,1.904
1000000,3344,255,1.847
1000000,3345,255,7.876
1000000,3346,255,2.769
1000000,3347,255,2.028
1000000,3348,255,1.927
1000000,3349,255,1.852
1000000,3350,255,1.889
1000000,3351,255,1.892
1000000,3352,255,2.154
1000000,3353,255,1.856
1000000,3354,255,1.910
1000000,3355,255,1.924
1000000,3356,255,1.882
1000000,3357,255,2.025
1000000,3358,255,2.122
1000000,3359,255,2.031
1000000,3360,255,1.987
1000000,3361,255,2.068
1000000,3362,255,2.005
1000000,3363,135,5.650
1000000,3364,255,197151.558
1000000,3365,255,33.245
1000000,3366,255,4.575
1000000,3367,255,17.595
1000000,3368,255,4.298
1000000,3369,255,4.364
1000000,3370,255,3.562
1000000,3371,255,3.543
1000000,3372,255,3.535
1000000,3373,255,3.503
1000000,3374,255,3.441
1000000,3375,255,4.032
1000000,3376,255,3.639
1000000,3377,255,3.465
1000000,3378,255,3.512
1000000,3379,255,3.529
1000000,3380,255,3.530
1000000,3381,255,3.999
1000000,3382,255,3.560
1000000,3383,255,3.612
1000000,3384,255,3.519
1000000,3385,255,3.554
1000000,3386,255,3.884
1000000,3387,255,3.612
1000000,3388,255,3.556
1000000,3389,255,3.515
1000000,3390,255,24.750
1000000,3391,255,4.799
1000000,3392,255,4.206
1000000,3393,255,3.476
1000000,3394,255,3.405
1000000,3395,255,3.494
1000000,3396,255,3.445
1000000,3397,255,3.634
1000000,3398,255,3.793
1000000,3399,255,3.535
1000000,3400,255,3.483
1000000,3401,255,3.515
1000000,3402,255,20.220
1000000,3403,255,19.629
1000000,3404,255,7.256
1000000,3405,255,5.594
1000000,3406,255,5.290
1000000,3407,255,5.188
1000000,3408,255,5.020
1000000,3409,255,6.255
1000000,3410,255,5.592
1000000,3411,255,5.432
1000000,3412,255,23.199
1000000,3413,255,7.105
1000000,3414,255,5.580
1000000,3415,255,16.732
1000000,3416,255,5.824
1000000,3417,255,5.484
1000000,3418,255,5.314
1000000,3419,255,5.368
1000000,3420,255,5.475
1000000,3421,255,11.341
1000000,3422,255,6.442
1000000,3423,255,5.760
1000000,3424,255,5.258
1000000,3425,255,5.102
1000000,3426,255,5.269
1000000,3427,255,5.580
1000000,3428,255,5.278
1000000,3429,255,5.251
1000000,3430,255,5.289
1000000,3431,255,5.380
1000000,3432,255,5.842
1000000,3433,255,4.914
1000000,3434,255,20.610
1000000,3435,255,6.677
1000000,3436,255,5.503
1000000,3437,255,5.687
1000000,3438,255,5.612
1000000,3439,255,5.323
1000000,3440,255,5.310
1000000,3441,255,5.329
1000000,3442,255,6.004
1000000,3443,255,5.265
1000000,3444,255,5.551
1000000,3445,255,4.883
1000000,3446,255,5.513
1000000,3447,255,5.375
1000000,3448,255,5.156
1000000,3449,255,5.099
1000000,3450,255,5.000
1000000,3451,255,5.023
1000000,3452,255,4.777
1000000,3453,255,4.629
1000000,3454,255,4.626
1000000,3455,255,5.220
1000000,3456,255,18.816
1000000,3457,255,6.895
1000000,3458,255,5.321
1000000,3459,255,5.476
1000000,3460,255,5.119
1000000,3461,255,5.542
1000000,3462,255,4.947
1000000,3463,255,4.962
1000000,3464,255,5.175
1000000,3465,255,4.763
1000000,3466,255,4.891
1000000,3467,255,5.276
1000000,3468,255,5.079
1000000,3469,255,4.856
1000000,3470,255,4.441
1000000,3471,255,4.769
1000000,3472,255,5.384
1000000,3473,255,4.988
1000000,3474,255,4.673
1000000,3475,255,5.032
1000000,3476,255,5.713
1000000,3477,255,5.737
1000000,3478,255,20.700
1000000,3479,255,7.272
1000000,3480,255,5.364
1000000,3481,255,5.435
1000000,3482,255,4.964
1000000,3483,255,5.403
1000000,3484,255,5.710
1000000,3485,255,5.465
1000000,3486,255,5.095
1000000,3487,255,5.333
1000000,3488,255,16.827
1000000,3489,255,6.590
1000000,3490,255,5.080
1000000,3491,255,5.042
1000000,3492,255,7628.447
1000000,3493,255,28.368
1000000,3494,255,6.258
1000000,3495,255,6.279
1000000,3496,255,5.192
1000000,3497,255,5.098
1000000,3498,255,5.203
1000000,3499,255,5.085
1000000,3500,255,24.915
1000000,3501,255,8.518
1000000,3502,255,5.231
1000000,3503,255,5.122
1000000,3504,255,5.103
1000000,3505,255,4.840
1000000,3506,255,4.994
1000000,3507,255,5.472
1000000,3508,255,5.111
1000000,3509,255,5.064
1000000,3510,255,5.044
1000000,3511,255,5.186
1000000,3512,255,5.172
1000000,3513,255,4.940
1000000,3514,255,5.039
1000000,3515,255,4.984
1000000,3516,255,4.832
1000000,3517,255,4.878
1000000,3518,255,5.811
1000000,3519,255,5.072
1000000,3520,255,5.159
1000000,3521,255,5.024
1000000,3522,255,5.170
1000000,3523,255,20.965
1000000,3524,255,6.637
1000000,3525,255,5.485
1000000,3526,255,5.128
1000000,3527,255,5.182
1000000,3528,255,4.945
1000000,3529,255,5.024
1000000,3530,255,6.768
1000000,3531,255,4.943
1000000,3532,255,5.073
1000000,3533,255,4.873
1000000,3534,255,5.002
1000000,3535,255,5.963
1000000,3536,255,5.059
1000000,3537,255,5.138
1000000,3538,255,4.758
1000000,3539,255,5.457
1000000,3540,255,5.050
1000000,3541,255,6.172
1000000,3542,255,5.025
1000000,3543,255,9.538
1000000,3544,255,6.430
1000000,3545,255,16.403
1000000,3546,255,6.720
1000000,3547,255,6.223
1000000,3548,255,5.246
1000000,3549,255,4.999
1000000,3550,255,5.103
1000000,3551,255,5.212
1000000,3552,255,5.206
1000000,3553,255,5.302
1000000,3554,255,5.041
1000000,3555,255,5.167
1000000,3556,255,5.021
1000000,3557,255,5.174
1000000,3558,255,5.355
1000000,3559,255,5.212
1000000,3560,255,5.005
1000000,3561,255,5.091
1000000,3562,255,5.091
1000000,3563,255,5.181
1000000,3564,255,5.676
1000000,3565,255,5.555
1000000,3566,255,5.076
1000000,3567,255,19.589
1000000,3568,255,7.144
1000000,3569,255,5.981
1000000,3570,255,5.716
1000000,3571,255,5.305
1000000,3572,255,5.165
1000000,3573,255,5.200
1000000,3574,255,5.263
1000000,3575,255,5.606
1000000,3576,255,5.054
1000000,3577,255,5.016
1000000,3578,255,5.152
1000000,3579,255,5.104
1000000,3580,255,5.165
1000000,3581,255,5.742
1000000,3582,255,5.342
1000000,3583,255,5.731
1000000,3584,255,5.245
1000000,3585,255,5.008
1000000,3586,255,5.476
1000000,3587,255,5.718
1000000,3588,255,5.117
1000000,3589,255,18.845
1000000,3590,255,7.349
1000000,3591,255,5.317
1000000,3592,255,5.001
1000000,3593,255,7.898
1000000,3594,255,4.977
1000000,3595,255,5.299
1000000,3596,255,5.270
1000000,3597,255,4.998
1000000,3598,255,5.486
1000000,3599,255,5.396
1000000,3600,255,4.976
1000000,3601,255,5.214
1000000,3602,255,5.056
1000000,3603,255,5.178
1000000,3604,255,5.798
1000000,3605,255,5.186
1000000,3606,255,16.457
1000000,3607,255,623.392
1000000,3608,255,12.364
1000000,3609,255,5.534
1000000,3610,255,5.126
1000000,3611,255,22.978
1000000,3612,255,20.308
1000000,3613,255,7.690
1000000,3614,255,5.353
1000000,3615,255,4.876
1000000,3616,255,4.714
1000000,3617,255,4.903
1000000,3618,255,5.440
1000000,3619,255,5.094
1000000,3620,255,4.690
1000000,3621,255,4.849
1000000,3622,255,4.958
1000000,3623,255,5.557
1000000,3624,255,5.255
1000000,3625,255,4.763
1000000,3626,255,5.175
1000000,3627,255,5.213
1000000,3628,255,5.160
1000000,3629,255,5.726
1000000,3630,255,5.262
1000000,3631,255,4.439
1000000,3632,255,5.101
1000000,3633,255,20.676
1000000,3634,255,6.616
1000000,3635,255,5.623
1000000,3636,255,5.108
1000000,3637,255,4.883
1000000,3638,255,5.243
1000000,3639,255,5.065
1000000,3640,255,4.775
1000000,3641,255,5.395
1000000,3642,255,5.031
1000000,3643,255,5.016
1000000,3644,255,4.748
1000000,3645,255,4.813
1000000,3646,255,5.144
1000000,3647,255,5.053
1000000,3648,255,4.865
1000000,3649,255,4.755
1000000,3650,255,4.979
1000000,3651,255,10.105
1000000,3652,255,6.544
1000000,3653,255,5.763
1000000,3654,255,5.032
1000000,3655,255,5.087
1000000,3656,255,17.895
1000000,3657,255,6.670
1000000,3658,255,5.734
1000000,3659,255,4.696
1000000,3660,255,5.001
1000000,3661,255,5.085
1000000,3662,255,5.487
1000000,3663,255,5.148
1000000,3664,255,5.378
1000000,3665,255,5.139
1000000,3666,255,5.003
1000000,3667,255,4.780
1000000,3668,255,5.087
1000000,3669,255,5.370
1000000,3670,255,5.048
1000000,3671,255,9.825
1000000,3672,255,6.123
1000000,3673,255,5.638
1000000,3674,255,5.449
1000000,3675,255,5.934
1000000,3676,255,5.250
1000000,3677,255,5.198
1000000,3678,255,18.306
1000000,3679,255,6.370
1000000,3680,255,5.034
1000000,3681,255,6.100
1000000,3682,255,4.935
1000000,3683,255,5.150
1000000,3684,255,5.116
1000000,3685,255,4.657
1000000,3686,255,5.431
1000000,3687,255,10.489
1000000,3688,255,6.091
1000000,3689,255,5.605
1000000,3690,255,5.186
1000000,3691,255,5.612
1000000,3692,255,5.838
1000000,3693,255,5.105
1000000,3694,255,4.749
1000000,3695,255,5.076
1000000,3696,255,4.753
1000000,3697,255,4.965
1000000,3698,255,5.655
1000000,3699,255,5.227
1000000,3700,255,18.371
1000000,3701,255,5.985
1000000,3702,255,5.305
1000000,3703,255,5.029
1000000,3704,255,5.795
1000000,3705,255,5.239
1000000,3706,255,4.984
1000000,3707,255,10.156
1000000,3708,255,5.719
1000000,3709,255,6.232
1000000,3710,255,5.422
1000000,3711,255,5.631
1000000,3712,255,5.278
1000000,3713,255,5.317
1000000,3714,255,4.958
1000000,3715,255,5.607
1000000,3716,255,5.301
1000000,3717,255,5.419
1000000,3718,255,5.200
1000000,3719,255,5.505
1000000,3720,255,4.947
1000000,3721,255,16.883
1000000,3722,255,18.183
1000000,3723,255,6.123
1000000,3724,255,5.152
1000000,3725,255,5.021
1000000,3726,255,4.842
1000000,3727,255,5.681
1000000,3728,255,5.261
1000000,3729,255,4.815
1000000,3730,255,5.191
1000000,3731,255,4.835
1000000,3732,255,17.343
1000000,3733,255,6.303
1000000,3734,255,5.566
1000000,3735,255,5.666
1000000,3736,255,5.235
1000000,3737,255,5.010
1000000,3738,255,5.731
1000000,3739,255,4.885
1000000,3740,255,5.253
1000000,3741,255,5.131
1000000,3742,255,4.970
1000000,3743,255,4.812
1000000,3744,255,21.597
1000000,3745,255,14.845
1000000,3746,255,5.850
1000000,3747,255,5.086
1000000,3748,255,171.820
1000000,3749,255,15.464
1000000,3750,255,6.113
1000000,3751,255,5.304
1000000,3752,255,5.095
1000000,3753,255,5.178
1000000,3754,255,4.843
1000000,3755,255,5.128
1000000,3756,255,4.787
1000000,3757,255,5.085
1000000,3758,255,4.869
1000000,3759,255,4.924
1000000,3760,255,20.571
1000000,3761,255,6.674
1000000,3762,255,5.101
1000000,3763,255,5.106
1000000,3764,255,5.306
1000000,3765,255,5.029
1000000,3766,255,22.113
1000000,3767,255,7.395
1000000,3768,255,5.059
1000000,3769,255,4.877
1000000,3770,255,4.752
1000000,3771,255,4.843
1000000,3772,255,5.349
1000000,3773,255,5.218
1000000,3774,255,5.268
1000000,3775,255,5.075
1000000,3776,255,4.962
1000000,3777,255,5.283
1000000,3778,255,5.413
1000000,3779,255,5.203
1000000,3780,255,4.978
1000000,3781,255,5.190
1000000,3782,255,5.338
1000000,3783,255,5.102
1000000,3784,255,15.077
1000000,3785,255,5.550
1000000,3786,255,4.950
1000000,3787,255,5.072
1000000,3788,255,5.206
1000000,3789,255,19.536
1000000,3790,255,7.134
1000000,3791,255,5.180
1000000,3792,255,4.905
1000000,3793,255,5.219
1000000,3794,255,4.983
1000000,3795,255,5.426
1000000,3796,255,4.798
1000000,3797,255,4.951
1000000,3798,255,4.971
1000000,3799,255,4.838
1000000,3800,255,4.905
1000000,3801,255,5.880
1000000,3802,255,4.937
1000000,3803,255,4.958
1000000,3804,255,4.869
1000000,3805,255,4.864
1000000,3806,255,4.989
1000000,3807,255,77.130
1000000,3808,255,9.901
1000000,3809,255,6.150
1000000,3810,255,5.402
1000000,3811,255,18.954
1000000,3812,255,6.834
1000000,3813,255,5.771
1000000,3814,255,5.484
1000000,3815,255,4.988
1000000,3816,255,5.073
1000000,3817,255,5.040
1000000,3818,255,5.281
1000000,3819,255,5.006
1000000,3820,255,5.111
1000000,3821,255,5.000
1000000,3822,255,5.609
1000000,3823,255,4.909
1000000,3824,255,5.684
1000000,3825,255,5.132
1000000,3826,255,4.816
1000000,3827,255,10.368
1000000,3828,255,6.296
1000000,3829,255,20.571
1000000,3830,255,6.868
1000000,3831,255,4.501
1000000,3832,255,4.435
1000000,3833,255,18.271
1000000,3834,255,5.562
1000000,3835,255,4.900
1000000,3836,255,4.642
1000000,3837,255,4.384
1000000,3838,255,4.431
1000000,3839,255,4.502
1000000,3840,255,4.666
1000000,3841,255,4.874
1000000,3842,255,4.455
1000000,3843,255,4.636
1000000,3844,255,4.777
1000000,3845,255,4.430
1000000,3846,255,4.383
1000000,3847,255,4.872
1000000,3848,255,4.926
1000000,3849,255,4.821
1000000,3850,255,10.419
1000000,3851,255,5.108
1000000,3852,255,4.825
1000000,3853,255,4.712
1000000,3854,255,4.641
1000000,3855,255,17.466
1000000,3856,255,5.600
1000000,3857,255,4.453
1000000,3858,255,4.972
1000000,3859,255,4.454
1000000,3860,255,4.129
1000000,3861,255,4.266
1000000,3862,255,4.488
1000000,3863,255,4.618
1000000,3864,255,4.711
1000000,3865,255,4.486
1000000,3866,255,4.433
1000000,3867,255,4.565
1000000,3868,255,4.511
1000000,3869,255,4.432
1000000,3870,255,9.462
1000000,3871,255,5.083
1000000,3872,255,4.737
1000000,3873,255,4.594
1000000,3874,255,4.374
1000000,3875,255,4.974
1000000,3876,255,4.482
1000000,3877,255,16.745
1000000,3878,255,5.948
1000000,3879,255,4.780
1000000,3880,255,4.763
1000000,3881,255,5.414
1000000,3882,255,4.406
1000000,3883,255,4.739
1000000,3884,255,4.368
1000000,3885,255,4.272
1000000,3886,255,4.328
1000000,3887,255,5.977
1000000,3888,255,4.437
1000000,3889,255,4.543
1000000,3890,255,4.536
1000000,3891,255,4.435
1000000,3892,255,4.308
1000000,3893,255,5.216
1000000,3894,255,4.892
1000000,3895,255,4.391
1000000,3896,255,4.373
1000000,3897,255,9.021
1000000,3898,255,28.253
1000000,3899,255,20.317
1000000,3900,255,5.980
1000000,3901,255,4.198
1000000,3902,255,4.135
1000000,3903,255,4.303
1000000,3904,255,4.858
1000000,3905,255,4.304
1000000,3906,255,4.139
1000000,3907,255,4.322
1000000,3908,255,4.448
1000000,3909,255,4.419
1000000,3910,255,5.021
1000000,3911,255,4.553
1000000,3912,255,4.323
1000000,3913,255,4.559
1000000,3914,255,4.622
1000000,3915,255,4.891
1000000,3916,255,4.225
1000000,3917,255,4.637
1000000,3918,255,4.307
1000000,3919,255,4.194
1000000,3920,255,4.258
1000000,3921,255,4.941
1000000,3922,255,13.219
1000000,3923,255,4.262
1000000,3924,255,3.261
1000000,3925,255,3.338
1000000,3926,255,3.320
1000000,3927,255,3.439
1000000,3928,145,7.026
